text,condition,source
"Man down in the office, not breathing, no pulse.",Cardiac Arrest,handwritten
my mother just fell and she is not breathing at all what do i do,Cardiac Arrest,handwritten
"Person collapsed at the gym, unresponsive, no breathing, starting CPR?",Cardiac Arrest,handwritten
My baby is not breathing and is completely floppy.,Cardiac Arrest,handwritten
The child collapsed on the field and isn't breathing or responding.,Cardiac Arrest,handwritten
an elderly woman fell in the aisle and is not breathing,Cardiac Arrest,handwritten
hes not breathing hes not breathing help,Cardiac Arrest,handwritten
"Unresponsive adult, only agonal gasps.",Cardiac Arrest,handwritten
My 2 year old went limp and has stopped breathing.,Cardiac Arrest,handwritten
how do i give cpr,Cardiac Arrest,howto
cpr steps for a grown man,Cardiac Arrest,howto
how many compressions before breaths in cpr,Cardiac Arrest,howto
hands only cpr instructions,Cardiac Arrest,howto
where do I put my hands for CPR,Cardiac Arrest,howto
how fast should I push on the chest during cpr,Cardiac Arrest,howto
how to use an AED,Cardiac Arrest,howto
defibrillator instructions,Cardiac Arrest,howto
how deep do you press during CPR on a child,Cardiac Arrest,howto
CPR on a newborn how many fingers,Cardiac Arrest,howto
baby cpr two fingers or thumbs,Cardiac Arrest,howto
what is the cpr ratio for kids,Cardiac Arrest,howto
teach me cpr,Cardiac Arrest,howto
steps for resuscitating someone,Cardiac Arrest,howto
this lady went limp and isn't breathing we can't wake them,Cardiac Arrest,templated
A coworker went down suddenly and won't breathe.,Cardiac Arrest,templated
My 4 month old collapsed while running and has no breathing.,Cardiac Arrest,templated
A customer is not breathing and won't respond to anything.,Cardiac Arrest,templated
An old man stopped breathing rght in front of me.,Cardiac Arrest,templated
My brother is lying there not brathing at all.,Cardiac Arrest,templated
My 4 month old is lying there not breathing at all.,Cardiac Arrest,templated
"A sudent needs CPR, there's no breathing, we can't wake them.",Cardiac Arrest,templated
my wife fainted and never came back no breathing,Cardiac Arrest,templated
My toddler hit the floor and is not breathing.,Cardiac Arrest,templated
"My grandpa seems to have no pulse and no breath, we already caled 911.",Cardiac Arrest,templated
"My aunt is lying there not breathing at all, i think the heart stopped.",Cardiac Arrest,templated
my dad suddenly slumped over and isn't breathing i think the heart stopped,Cardiac Arrest,templated
"Someone here passed out and is only gasping now and then, i think the heart stopped.",Cardiac Arrest,templated
"A kid at the park fainted and never came back, no breathing.",Cardiac Arrest,templated
i don't know what to do my 6 year old needs cpr there's no breathing,Cardiac Arrest,templated
"My roommate is blue, limp and not breathing, we already called 911.",Cardiac Arrest,templated
My roommate went limp and isn't breathing.,Cardiac Arrest,templated
My little girl hit the floor and is not breathing.,Cardiac Arrest,templated
"My dad is down and not breathing normally, just occasional gasps.",Cardiac Arrest,templated
My aunt keeled over and has no heartbeat.,Cardiac Arrest,templated
This guy is not breathing and won't resond to anything.,Cardiac Arrest,templated
A teenager suddenly slumped over and isn't breathing.,Cardiac Arrest,templated
My aunt passed out and is only gasing now and then.,Cardiac Arrest,templated
A student seems to have no pulse and no breath.,Cardiac Arrest,templated
My friend went limp and isn't breathing!,Cardiac Arrest,templated
"Our newborn is down and not breathing normally, just occasional gasps, it happened out of nowhere.",Cardiac Arrest,templated
An old man hit the floor and is not breathing.,Cardiac Arrest,templated
Someone here won't respond and there's no heartbeat!,Cardiac Arrest,templated
my son hit the floor and is not breathing,Cardiac Arrest,templated
A ptient in the waiting room is totally unresponsive and the chest isn't moving.,Cardiac Arrest,templated
i don't know what to do my toddler is blue limp and not breathing,Cardiac Arrest,templated
Our newborn seems to have no pulse and no breath!,Cardiac Arrest,templated
oh god my dad suddenly slumped over and isn't breathing we already called 911,Cardiac Arrest,templated
"A woman on the bus needs CPR, there's no breathing.",Cardiac Arrest,templated
please help my dad fainted and never came back no breathing,Cardiac Arrest,templated
My 15 year old went limp and isn't breathing.,Cardiac Arrest,templated
what do i do a customer dropped to the ground and stopped breathing,Cardiac Arrest,templated
"A coworker collapsed while running and has no breathing, i think the heart stopped.",Cardiac Arrest,templated
"Our newborn is totally unresponsive and the chest isn't moving, there's no one else here.",Cardiac Arrest,templated
"My 3 year old seems to have no pulse and no breath, we already called 911.",Cardiac Arrest,templated
"My neighbor has no pulse that I can feel, it happened out of nowhere.",Cardiac Arrest,templated
"My 3 year old is down and not breathing normally, just occasonal gasps, it happened out of nowhere.",Cardiac Arrest,templated
A customer went down suddenly and won't breathe.,Cardiac Arrest,templated
The infant suddenly slumped over and isn't breathing.,Cardiac Arrest,templated
"Someone here is blue, limp and not breathing.",Cardiac Arrest,templated
my baby keeled over and has no heartbeat,Cardiac Arrest,templated
This lady won't respond and there's no heartbeat!,Cardiac Arrest,templated
My boyfriend collapsed while running and has no breathing.,Cardiac Arrest,templated
my baby girl needs cpr there's no breathing,Cardiac Arrest,templated
My baby is not breathing and won't respond to anything.,Cardiac Arrest,templated
"My friend is blue, limp and not breathing.",Cardiac Arrest,templated
i don't know what to do my 6 year old went limp and isn't breathing,Cardiac Arrest,templated
My baby stopped breathing right in front of me.,Cardiac Arrest,templated
My neighbor seems to have no pulse and no breath.,Cardiac Arrest,templated
help a coworker keeled over and has no heartbeat i think the heart stopped,Cardiac Arrest,templated
A child at school suddenly slumped over and isn't breathing.,Cardiac Arrest,templated
my friend hit the floor and is not breathing,Cardiac Arrest,templated
"A man at the store went down suddenly and won't breathe, i think the heart stopped.",Cardiac Arrest,templated
A child at school collapsed and isn't breathing.,Cardiac Arrest,templated
my mom is blue limp and not breathing,Cardiac Arrest,templated
My 8 month old isn't breathing and the lips are going grey!,Cardiac Arrest,templated
i don't know what to do my mom keeled over and has no heartbeat,Cardiac Arrest,templated
My daughter isn't breathing and the lips are going grey!,Cardiac Arrest,templated
quick my 6 year old stopped breathing right in front of me,Cardiac Arrest,templated
"A stranger on the street is blue, limp and not breathing!",Cardiac Arrest,templated
"A customer dropped to the ground and stopped breathing, we can't wake them.",Cardiac Arrest,templated
"Drowning, kid out of the water, not breathing.",Cardiac Arrest (Drowning),handwritten
We just pulled my brother from the lake and he isn't breathing.,Cardiac Arrest (Drowning),handwritten
Swimmer unresponsive after being pulled from the ocean.,Cardiac Arrest (Drowning),handwritten
"a man jumped off the boat and didn't come up, we got him out, no pulse",Cardiac Arrest (Drowning),handwritten
"she was found in the pool, she's blue and not breathing",Cardiac Arrest (Drowning),handwritten
"Boy fell in the reservoir, pulled out, not breathing.",Cardiac Arrest (Drowning),handwritten
cpr after pulling someone from the water,Cardiac Arrest (Drowning),howto
rescue breaths for a drowning person first or compressions,Cardiac Arrest (Drowning),howto
what to do after a near drowning,Cardiac Arrest (Drowning),howto
how to resuscitate a drowned child,Cardiac Arrest (Drowning),howto
drowning first aid steps,Cardiac Arrest (Drowning),howto
how many rescue breaths for drowning,Cardiac Arrest (Drowning),howto
first aid for someone rescued from a lake not breathing,Cardiac Arrest (Drowning),howto
steps to revive someone who drowned,Cardiac Arrest (Drowning),howto
how to help a swimmer who stopped breathing,Cardiac Arrest (Drowning),howto
drowning victim cpr procedure,Cardiac Arrest (Drowning),howto
My husband got pulled out of the surf not breathing.,Cardiac Arrest (Drowning),templated
my grandma was under the bath water and is now limp the lifeguard pulled them out,Cardiac Arrest (Drowning),templated
My aunt was under the bath water and is now limp!,Cardiac Arrest (Drowning),templated
"A kid at the park went under while swimming and came out blue, the lifeguard pulled them out.",Cardiac Arrest (Drowning),templated
"My baby went down in the deep end and isn't moving, the lifeguard pulled them out.",Cardiac Arrest (Drowning),templated
what do i do the infant got pulled out of the surf not breathing,Cardiac Arrest (Drowning),templated
My baby got knocked under by a wave and isn't breathing.,Cardiac Arrest (Drowning),templated
My girlfriend went down in the deep end and isn't moving.,Cardiac Arrest (Drowning),templated
My grandpa slipped into the fountain and is unresponsive.,Cardiac Arrest (Drowning),templated
"My boyfriend fell through the ice and isn't breathing, we got them onto the side!",Cardiac Arrest (Drowning),templated
Our newborn fell off the dock and was under too long.,Cardiac Arrest (Drowning),templated
uh the infant fell off the dock and was under too long they were in the water a long time,Cardiac Arrest (Drowning),templated
This guy was trapped under the water in the flooded street!,Cardiac Arrest (Drowning),templated
"My 3 year old breathed in a lot of water and stopepd breathing, we got them onto the side.",Cardiac Arrest (Drowning),templated
"My littel girl got knocked under by a wave and isn't breathing, we got them onto the side.",Cardiac Arrest (Drowning),templated
this lady was dragged out of the river unconscious,Cardiac Arrest (Drowning),templated
A paitent in the waiting room got pulled out of the surf not breathing.,Cardiac Arrest (Drowning),templated
My 15 year old breathed in a lot of water and stopped breathing.,Cardiac Arrest (Drowning),templated
"My little girl fell into the canal and came out not breathing, they were in the water a long time!",Cardiac Arrest (Drowning),templated
My grndma got knocked under by a wave and isn't breathing.,Cardiac Arrest (Drowning),templated
My 4 month old was face down in the swimming pool.,Cardiac Arrest (Drowning),templated
"My grandpa breathed in a lot of water and stopped breathing, they were in the water a long time.",Cardiac Arrest (Drowning),templated
"My aunt breathed in a lot of water and stopped breathing, they're soaking wet and limp.",Cardiac Arrest (Drowning),templated
"The baby fell into the canal and came out not breathing, the lifeguard pulled them out.",Cardiac Arrest (Drowning),templated
"My neighbor was under the bath water and is now limp, they're soaking wet and limp.",Cardiac Arrest (Drowning),templated
please help my neighbor was dragged out of the river unconscious they're soaking wet and limp,Cardiac Arrest (Drowning),templated
my baby breathed in a lot of water and stopped breathing,Cardiac Arrest (Drowning),templated
um my 6 year old was submerged in the bathtub,Cardiac Arrest (Drowning),templated
"My baby boy was dragged out of the river unconscious, they were in the water a long time!",Cardiac Arrest (Drowning),templated
My little boy drowned in the paddling pool.,Cardiac Arrest (Drowning),templated
"My mom fell into the canal and came out not breathing, they're soaikng wet and limp.",Cardiac Arrest (Drowning),templated
A coworker fell through the ice and isn't breathing.,Cardiac Arrest (Drowning),templated
please help my friend was submerged in the bathtub,Cardiac Arrest (Drowning),templated
My 8 month old fell throgh the ice and isn't breathing.,Cardiac Arrest (Drowning),templated
"My dad drowned in the paddling pool, the lifeguard pulled them out!",Cardiac Arrest (Drowning),templated
My little girl breathed in a lot of water and stopped breathing.,Cardiac Arrest (Drowning),templated
quick my roommate nearly drowned and has no pulse,Cardiac Arrest (Drowning),templated
"My roommate fell into the canal and came out not breathing, we got them onto the side.",Cardiac Arrest (Drowning),templated
please help my toddler was underwater for a minute and is unresponsive they were in the water a long time,Cardiac Arrest (Drowning),templated
"My dad was trapped under the water in the flooded street, we got them onto the side.",Cardiac Arrest (Drowning),templated
the infant was trapped under the water in the flooded street,Cardiac Arrest (Drowning),templated
My litle boy fell into the canal and came out not breathing.,Cardiac Arrest (Drowning),templated
"My wife slipped into the fountain and is unresponsive, they're soaking wet and limp.",Cardiac Arrest (Drowning),templated
"My brother got pulled out of the surf not breathing, we got them onto the side.",Cardiac Arrest (Drowning),templated
A student was trapped under the water in the flooded street.,Cardiac Arrest (Drowning),templated
The baby was face down in the swimming pool.,Cardiac Arrest (Drowning),templated
My wife fell into the canl and came out not breathing.,Cardiac Arrest (Drowning),templated
My mom was underwater for a minute and is unresponsive.,Cardiac Arrest (Drowning),templated
i don't know what to do my teen daughter got pulled out of the surf not breathing,Cardiac Arrest (Drowning),templated
My teenage son was submerged in the bathtub.,Cardiac Arrest (Drowning),templated
My girlfriend was face down in the swimming pool.,Cardiac Arrest (Drowning),templated
"My wife breathed in a lot of water and stopped breathing, we got them onto the side.",Cardiac Arrest (Drowning),templated
"My baby was rescued from the sea and isn't breathing, they were in the water a long time.",Cardiac Arrest (Drowning),templated
My boyfriend drowned in the paddling pool.,Cardiac Arrest (Drowning),templated
The driver breathed in a lot of water and stopped breathing.,Cardiac Arrest (Drowning),templated
My little boy was submergde in the bathtub.,Cardiac Arrest (Drowning),templated
"My boyfriend fell into the canal and came out not breathing, we got them onto the side.",Cardiac Arrest (Drowning),templated
My grandma got knocked under by a wave and isn't breathing.,Cardiac Arrest (Drowning),templated
My 4 month old got pulled out of the surf not breathing.,Cardiac Arrest (Drowning),templated
My daughter went down in the deep end and isn't moving.,Cardiac Arrest (Drowning),templated
My toddler breathed in a lot of water and stopped breathing.,Cardiac Arrest (Drowning),templated
"An old man nearly drowned and has no pulse, the lifeguard pulled them out.",Cardiac Arrest (Drowning),templated
"My son was under the bath water and is now limp, they're saoking wet and limp.",Cardiac Arrest (Drowning),templated
"Chest pain, sweating, pain in left arm, 58 year old man.",Heart Attack,handwritten
"possible heart attack, chest pain radiating to back",Heart Attack,handwritten
He's conscious but has severe chest pain and is clammy.,Heart Attack,handwritten
my grandma says her chest hurts and she can't catch her breath,Heart Attack,handwritten
"Squeezing chest pain for 20 minutes, not going away with rest.",Heart Attack,handwritten
um my husband is holding his chest he says it's really tight and he's sweating,Heart Attack,handwritten
should I give aspirin for a heart attack,Heart Attack,howto
heart attack first aid steps,Heart Attack,howto
how to help someone with crushing chest pain,Heart Attack,howto
how to tell if chest pain is a heart attack,Heart Attack,howto
heart attack warning signs in women,Heart Attack,howto
first aid for chest pain spreading to the arm,Heart Attack,howto
what position for someone with a heart attack,Heart Attack,howto
how much aspirin to chew during a heart attack,Heart Attack,howto
steps while waiting for ambulance chest pain,Heart Attack,howto
crushing chest pain and his left arm went numb,Heart Attack,contrast
her chest feels tight and her left arm is tingling and heavy,Heart Attack,contrast
"he has chest pressure and numbness in his jaw and arm, he's sweating",Heart Attack,contrast
how can I help someone having a heart attack until help arrives,Heart Attack,contrast
is it a heart attack if the pain goes from my chest into my shoulder blade,Heart Attack,contrast
first aid for a heart attack before paramedics get there,Heart Attack,contrast
A teenager has crushing chest pain.,Heart Attack,templated
oh god a patient in the waiting room says the chest feels squeezed,Heart Attack,templated
This lady says there's a heavy weight on the chest.,Heart Attack,templated
"A customer has crushing chest pain, and is vomiting.",Heart Attack,templated
um a man at the store has a tight chest and pain in the neck it came on while climbing stairs,Heart Attack,templated
"My father in law has crushing chest pain, and is vomiting!",Heart Attack,templated
"A patient in the waiting room says there's a heavy weight on the chest, it came on while climbing stairs.",Heart Attack,templated
"My neighbor says the chest feels squeezed, and looks really pale.",Heart Attack,templated
A patient in the waiting room has pain in the chest spreading to the jaw.,Heart Attack,templated
"My 15 year old is short of breath with chest pressure, it came on while climbing stairs.",Heart Attack,templated
uh this lady has pain between the shoulder blades and feels faint,Heart Attack,templated
"This guy is grey, sweaty and holding the chest.",Heart Attack,templated
"Someone here says the chest feels squeezed, and looks really pale.",Heart Attack,templated
my girlfriend says the chest feels squeezed,Heart Attack,templated
My grandma is dizzy with pain in the chest.,Heart Attack,templated
"My aunt is clutching the chest and sweating, it started about 15 minutes ago.",Heart Attack,templated
"My mom is grey, sweaty and holding the chest.",Heart Attack,templated
My wife has an ache in the chest and left shoulder.,Heart Attack,templated
my roommate says the chest feels squeezed and looks really pale,Heart Attack,templated
My boyfriend has tightness in the chest and feels sick.,Heart Attack,templated
A coworker has a tight chest and pain in the neck.,Heart Attack,templated
"My grandma has chest pain and is breathless, and looks really pale.",Heart Attack,templated
"A cutsomer says the chest feels squeezed, and is vomiting.",Heart Attack,templated
what do i do my grandma has an ache in the chest and left shoulder but is still awake and talking,Heart Attack,templated
"My teen daughter is dizzy with pain in the chest, it started about 15 minutes ago.",Heart Attack,templated
"My brother feels like the chest is being crushed, it started about 15 minutes ago.",Heart Attack,templated
oh god my partner has pain between the shoulder blades and feels faint,Heart Attack,templated
A patient in the waiting room feels pressure behind the breastbone.,Heart Attack,templated
My grandma has crushing chest pain!,Heart Attack,templated
My mom has chset pain and is breathless.,Heart Attack,templated
This lady is dizzy with pain in the chest.,Heart Attack,templated
i don't know what to do a student has chest discomfort and a cold sweat but is still awake and talking,Heart Attack,templated
"My uncle feels pressure behind the breastbone, but is still awake and talking!",Heart Attack,templated
"This guy has burning pressure in the chest and is nauseous, but is still awake and talking!",Heart Attack,templated
"A man at the store is clutching the chest and sweating, and is vomiting.",Heart Attack,templated
A student is clutching the chest and sweating.,Heart Attack,templated
My neighbor has chest pain and is breathless!,Heart Attack,templated
My aunt has chest discomfort and a cold sweat.,Heart Attack,templated
My uncle has tightness in the chest and feels sick.,Heart Attack,templated
my teen daughter has chest pain going down the left arm and is vomiting,Heart Attack,templated
My dad has chest pain going down the left arm!,Heart Attack,templated
"My grandma says the chest feels squeezed, but is still awake and talking.",Heart Attack,templated
A woman on the bus is short of breath with chest pressure.,Heart Attack,templated
My friend says the chest feels squeezed.,Heart Attack,templated
A stranger on the stret feels like the chest is being crushed.,Heart Attack,templated
"My 15 year old is clutching the chest and sweating, it came on while climbing stairs.",Heart Attack,templated
My grandma feels like the chest is being crushed.,Heart Attack,templated
"My teenage son has crushing chest pain, and looks really pale.",Heart Attack,templated
The driver has chest discomfort and a cold sweat.,Heart Attack,templated
My grandpa says the chest feels squeezed!,Heart Attack,templated
My dad says the chest feels squeezed.,Heart Attack,templated
"My aunt has crushing chest pain, but is still awake and talking.",Heart Attack,templated
oh god my girlfriend feels pressure behind the breastbone,Heart Attack,templated
"My husband is grey, sweaty and holding the chest.",Heart Attack,templated
hurry my boyfriend has chest pain and is breathless,Heart Attack,templated
my uncle feels like the chest is being crushed,Heart Attack,templated
"A woman on the bus has chest pain and is breathless, it came on while climbing stairs!",Heart Attack,templated
"An old man says it feels like indigestion but the chest is tight, it started about 15 minutes ago.",Heart Attack,templated
"My teammate is dizzy with pain in the chest, and is vomiting.",Heart Attack,templated
please help my mom has chest pain going down the left arm it started about 15 minutes ago,Heart Attack,templated
"Adult choking at a restaurant, can't speak or cough.",Choking,handwritten
"he's choking!! he can't breathe, food stuck",Choking,handwritten
"Infant choking, no sound, struggling to breathe.",Choking,handwritten
"child choking on a sweet, can't cough",Choking,handwritten
My 7 month old is gagging on cereal and can't get air.,Choking,handwritten
how to do the heimlich on an adult,Choking,howto
abdominal thrusts steps,Choking,howto
how to give back blows,Choking,howto
how to help a choking child,Choking,howto
infant choking back blows how many,Choking,howto
how do you do chest thrusts on a baby,Choking,howto
heimlich on yourself,Choking,howto
what do you do when someone chokes,Choking,howto
choking first aid for a toddler,Choking,howto
how to clear a blocked airway,Choking,howto
baby choking what to do step by step,Choking,howto
heimlich maneuver on a pregnant woman,Choking,howto
when to start back blows for choking,Choking,howto
"she's choking on a chunk of apple, can't cough or talk",Choking,contrast
"food is lodged in her throat and she's turning red, no sound coming out",Choking,contrast
"A stranger on the stret is gagging and can't get any air, and is panicking.",Choking,templated
"My brother is silently struggling to breathe with food stuck, and the face is going red.",Choking,templated
"The infant got a grape lodged in the throat, and is panicking!",Choking,templated
My 6 year old is pointing at the throat and can't talk.,Choking,templated
My uncle has a piece of meat stuck and is turning blue.,Choking,templated
A patient in the waiting room is pointing at the throat and can't talk.,Choking,templated
My aunt has a coin stuck in the throat.,Choking,templated
A patient in the waiting room inhaled a peanut and can't breathe!,Choking,templated
My nephew is silently struggling to breathe with food stuck.,Choking,templated
My uncle got a grape lodged in the throat.,Choking,templated
A coworker choked on a chukn of steak.,Choking,templated
i don't know what to do my baby inhaled a peanut and can't breathe and the face is going red,Choking,templated
"A coworker can't cough anything up and is panicking, and is starting to turn blue.",Choking,templated
My borther is gagging and can't get any air.,Choking,templated
please my father in law has a coin stuck in the throat and is starting to turn blue,Choking,templated
My brother can't cough anything up and is panicking.,Choking,templated
A student is silently struggling to breathe with food stuck.,Choking,templated
A teenager is gagging and can't get any air.,Choking,templated
um my teenage son got a grape lodged in the throat,Choking,templated
My 15 year old can't speak and is holding the neck at dinner.,Choking,templated
"My 4 month old inhaled a peanut and can't breathe, it happened while eating.",Choking,templated
help my roommate inhaled a peanut and can't breathe,Choking,templated
i don't know what to do my baby boy has a coin stuck in the throat,Choking,templated
"My 3 year old can't speka and is holding the neck at dinner, it happened while eating.",Choking,templated
please help someone here has a coin stuck in the throat and the face is going red,Choking,templated
hurry a teenager can't cough anything up and is panicking,Choking,templated
My nephew is making a squeaky sound and can't breathe after eating.,Choking,templated
um my uncle swallowed a hard candy and can't breathe and is starting to turn blue,Choking,templated
My toddler is silently struggling to breathe with food stuck.,Choking,templated
a customer is choking on food and can't breathe and is starting to turn blue,Choking,templated
please my sister swallowed a hard candy and can't breathe,Choking,templated
My roommate is gagging and can't get any air.,Choking,templated
My aunt is making a squeaky sound and can't breathe after eating!,Choking,templated
quick my toddler swallowed a hard candy and can't breathe,Choking,templated
The baby is making a squeaky sound and can't breathe after eating!,Choking,templated
A stranger on the street has food going down the wrong way and can't breathe!,Choking,templated
A woman on the bus can't speak and is hlding the neck at dinner.,Choking,templated
"My little girl is choking on food and can't breathe, and is starting to turn blue.",Choking,templated
"My brother got a grape lodged in the throat, it happened while eating.",Choking,templated
A man at the store inhaled a peanut and can't breathe.,Choking,templated
A customer has a fish bone caught in the throat and can't breathe!,Choking,templated
"A woman on the bus is mking a squeaky sound and can't breathe after eating, and is starting to turn blue.",Choking,templated
My 3 year old can't speak and is holding the neck at dinner.,Choking,templated
"My brother is silently struggling to breathe with food stuck, and is panicking.",Choking,templated
My baby can't breathe after a bite of sandwich.,Choking,templated
My toddler is silently struglging to breathe with food stuck.,Choking,templated
"An old man has a coin stuck in the throat, and the face is going red.",Choking,templated
i don't know what to do a teenager has something stuck in the throat and can't cough,Choking,templated
oh god a customer is gagging and can't get any air,Choking,templated
The infant swallowed a hard candy and can't breathe.,Choking,templated
My teenage son is grabbing the throat after eating.,Choking,templated
quick my baby girl has a piece of meat stuck and is turning blue,Choking,templated
My husband got a grape lodged in the throat!,Choking,templated
my 4 month old inhaled a peanut and can't breathe,Choking,templated
the driver can't cough anything up and is panicking,Choking,templated
my daughter has a fish bone caught in the throat and can't breathe and is panicking,Choking,templated
uh my sister choked on a chunk of steak it happened while eating,Choking,templated
oh god the baby inhaled a peanut and can't breathe,Choking,templated
"My partner has something stuck in the throat and can't cough, and the face is going red.",Choking,templated
My sister is making a squeaky sound and can't breathe after eating.,Choking,templated
My daughter can't cough anything up and is panicking!,Choking,templated
"Severe allergy to peanuts, ate a cookie, throat tight, hives.",Anaphylaxis,handwritten
"Allergic reaction to penicillin, lips and tongue swelling.",Anaphylaxis,handwritten
she's allergic to shrimp and now she can't breathe right and has hives,Anaphylaxis,handwritten
Baby ate egg for the first time and has hives and is coughing.,Anaphylaxis,handwritten
"anaphylaxis, epipen needed, swelling and wheezing",Anaphylaxis,handwritten
he got bit by fire ants and now his throat feels tight,Anaphylaxis,handwritten
"Hives all over, swollen eyes, hard to breathe after eating at a restaurant.",Anaphylaxis,handwritten
how to use an epipen,Anaphylaxis,howto
where do you inject epinephrine,Anaphylaxis,howto
auvi-q instructions,Anaphylaxis,howto
how long to hold the epipen in,Anaphylaxis,howto
what to do in an anaphylactic reaction,Anaphylaxis,howto
first aid for severe allergic reaction,Anaphylaxis,howto
can you give a second epipen dose,Anaphylaxis,howto
how to help someone whose throat is swelling from allergy,Anaphylaxis,howto
anaphylaxis treatment steps,Anaphylaxis,howto
epipen thigh through clothes,Anaphylaxis,howto
allergic reaction first aid steps,Anaphylaxis,howto
she had a bite of a cashew cookie and her lips and tongue are puffing up,Anaphylaxis,contrast
after the sesame bagel his throat feels tight and his face is swollen,Anaphylaxis,contrast
"got stung by a yellow jacket, now covered in welts and his voice sounds raspy",Anaphylaxis,contrast
wasp sting on her arm and now her eyes are swelling shut and she is wheezing,Anaphylaxis,contrast
"he ate lobster at dinner and his mouth is swelling, he says it's hard to swallow",Anaphylaxis,contrast
she took amoxicillin and now her face is puffy and she has a rash and trouble breathing,Anaphylaxis,contrast
"my daughter ate a peanut butter cracker, her lips are huge and she keeps coughing",Anaphylaxis,contrast
"allergic to tree nuts, ate pesto, throat is closing up",Anaphylaxis,contrast
bee stung him on the neck and now he has hives and he's struggling to breathe,Anaphylaxis,contrast
"after eating crab her tongue swelled up, nothing is stuck in her throat",Anaphylaxis,contrast
"milk allergy, my toddler drank some and now his face is blotchy and swollen",Anaphylaxis,contrast
a customer has an allergic reaction with face swelling,Anaphylaxis,templated
"A coworker is wheezing with swollen lips after eating nuts, and has an epipen in the bag.",Anaphylaxis,templated
my niece is having a severe allergic reaction it started a few minutes after eating,Anaphylaxis,templated
The infant is goig into anaphylactic shock.,Anaphylaxis,templated
"My toddler has eyes and lips swelling after eating tree nuts, it started a few minutes after eating!",Anaphylaxis,templated
A student has a swollen tongue and trouble breathing after eating shrimp.,Anaphylaxis,templated
My little girl has lips swelling up after a wasp sting!,Anaphylaxis,templated
a child at school has an allergic reaction with face swelling,Anaphylaxis,templated
My grandma has itchy welts everywhere and is wheezing.,Anaphylaxis,templated
My dad has an allergic reaction with face swelling.,Anaphylaxis,templated
"My mom got stnug by a bee and is covered in hives, and has an epipen in the bag.",Anaphylaxis,templated
"My neighbor is having a severe allergic reaction, and the voice sounds strange.",Anaphylaxis,templated
"A patient in the waiting room has an allergic reaction with face swelling, and has an epipen in the bag!",Anaphylaxis,templated
oh god my sister has eyes and lips swelling after eating tree nuts it started a few minutes after eating,Anaphylaxis,templated
My little boy has itchy welts everywhere and is wheezing.,Anaphylaxis,templated
"A teenager has itchy welts everywhere and is wheezing, and the voice sounds strange.",Anaphylaxis,templated
"My 8 month old has a rash all over and the voice is getting hoarse, and has an epipen in the bag.",Anaphylaxis,templated
i don't know what to do my aunt needs the epipen can't breathe and is getting dizzy,Anaphylaxis,templated
"My teen daughter has an allergic reaction with face swelling, it started a few minutes after eating.",Anaphylaxis,templated
My girlfriend is going into anaphylactic shock.,Anaphylaxis,templated
"A woman on the bus has eyes and lips swelling after eating tree nuts, and has an eppien in the bag.",Anaphylaxis,templated
My sister has throat swelling after taking an antibiotic.,Anaphylaxis,templated
My daughter has a puffy face and a tight throat.,Anaphylaxis,templated
please my boyfriend has itchy welts everywhere and is wheezing and is getting dizzy,Anaphylaxis,templated
My dad has a swollen tongue and trouble breathing after eating shrimp.,Anaphylaxis,templated
quick a student can't swallow and the throat feels tight after eating,Anaphylaxis,templated
what do i do a stranger on the street is going into anaphylactic shock,Anaphylaxis,templated
please help my dad has lips swelling up after a wasp sting,Anaphylaxis,templated
The driver has lips swelling up after a wasp sting.,Anaphylaxis,templated
please my daughter is wheezing with swollen lips after eating nuts,Anaphylaxis,templated
oh god my niece is vomiting with hives after eating egg it started a few minutes after eating,Anaphylaxis,templated
My 6 year old got stugn by a bee and is covered in hives.,Anaphylaxis,templated
what do i do my nephew broke out in hives and feels faint after a medication,Anaphylaxis,templated
My partner is vomiting with hives after eating egg.,Anaphylaxis,templated
A srtanger on the street has throat swelling after taking an antibiotic.,Anaphylaxis,templated
The baby has eyes and lips swelling after eating tree nuts.,Anaphylaxis,templated
"My sister has a rash all over and the voice is getting hoarse, it started a few minutes after eating.",Anaphylaxis,templated
My dad is wheezing with swollen lips after eating nuts.,Anaphylaxis,templated
um my niece ate something with sesame and is swelling up,Anaphylaxis,templated
"A student got stugn by a bee and is covered in hives, and the voice sounds strange.",Anaphylaxis,templated
My little boy has a rash all over and the voice is getting hoarse.,Anaphylaxis,templated
i don't know what to do my roommate has a rash all over and the voice is getting hoarse and has an epipen in the bag,Anaphylaxis,templated
My partner is having a severe allergic reaction.,Anaphylaxis,templated
please my 8 month old has an allergic reaction with face swelling and is getting dizzy,Anaphylaxis,templated
"My wife is going into anaphylactic shock, and the voice sounds strange!",Anaphylaxis,templated
my baby needs the epipen can't breathe,Anaphylaxis,templated
please help my partner is going into anaphylactic shock,Anaphylaxis,templated
"My husband is having a severe allergic reaction, and the voice suonds strange.",Anaphylaxis,templated
"My baby girl needs the epipen, can't breathe.",Anaphylaxis,templated
"The drivr needs the epipen, can't breathe.",Anaphylaxis,templated
"My baby boy can't swallow and the throat feels tight after eating, and has an epipen in the bag.",Anaphylaxis,templated
My grandma has eyes and lips swelling after eating tree nuts!,Anaphylaxis,templated
a teenager has throat swelling after taking an antibiotic and the voice sounds strange,Anaphylaxis,templated
My boyfriend is wheezing with swollen lips after eaitng nuts.,Anaphylaxis,templated
"Someone here is dizzy, swollen and itchy after a sting, it started a few minutes after eating.",Anaphylaxis,templated
My friend has an allergic reaction with face swelling.,Anaphylaxis,templated
"My niece has a rash all over and the voice is getting hoarse, it started a few minutes after eating!",Anaphylaxis,templated
"My 15 year old ate peanuts and the throat is closing up, it started a few minutes after eating.",Anaphylaxis,templated
My teen daughter has a swollen tongue and trouble breathing after eating shrimp.,Anaphylaxis,templated
An old man ate something with sesame and is swelling up.,Anaphylaxis,templated
"My brother has an allergic reaction with face swelling, it started a few minutes after eating.",Anaphylaxis,templated
My tenage son has throat swelling after taking an antibiotic.,Anaphylaxis,templated
My brother has a rash all over and the voice is gtting hoarse.,Anaphylaxis,templated
"Diabetic, blood sugar 35, confused and sweaty.",Diabetic Emergency,handwritten
my mom has diabetes and she's shaking and not making sense,Diabetic Emergency,handwritten
"Type 1 diabetic teen, very pale, trembling, says he feels low.",Diabetic Emergency,handwritten
"he took his insulin then forgot to eat, now he's sweating and dizzy",Diabetic Emergency,handwritten
"hypo, diabetic, needs sugar, very confused",Diabetic Emergency,handwritten
My diabetic husband is acting drunk but he hasn't been drinking.,Diabetic Emergency,handwritten
my daughter's glucose is 50 and she's crying and shaky,Diabetic Emergency,handwritten
Insulin dependent coworker is clammy and irritable.,Diabetic Emergency,handwritten
what to do for low blood sugar,Diabetic Emergency,howto
how much sugar to give a diabetic who is shaky,Diabetic Emergency,howto
rule of 15 hypoglycemia,Diabetic Emergency,howto
how to give glucagon,Diabetic Emergency,howto
first aid for a hypo,Diabetic Emergency,howto
what to give a diabetic who feels faint,Diabetic Emergency,howto
treating a diabetic emergency,Diabetic Emergency,howto
glucose tablets how many,Diabetic Emergency,howto
how to help someone with low glucose,Diabetic Emergency,howto
diabetic low sugar first aid steps,Diabetic Emergency,howto
a woman on the bus has a sugar low and is sweating a lot,Diabetic Emergency,templated
"My neighbor is diabetic and feels weak and lightheaded, after exercising!",Diabetic Emergency,templated
"My father in law took insulin and didn't eat and is now sweaty and dizzy, after exercising.",Diabetic Emergency,templated
"My friend is diaetic and slurring words, and the meter says low.",Diabetic Emergency,templated
"My husband has diabetes and fainted, after skipping lunch.",Diabetic Emergency,templated
"A stranger on the street took insulin and didn't eat and is now swetay and dizzy, and took too much insulin.",Diabetic Emergency,templated
My grandpa has low blood sugar and is shaking.,Diabetic Emergency,templated
My father in law is diabetic and feels weak and lightheaded.,Diabetic Emergency,templated
"A teenager has a blood sugar of 40, and took too much insulin!",Diabetic Emergency,templated
please my teammate has a glucose monitor alarming low and took too much insulin,Diabetic Emergency,templated
My 9 year old is diabetic and suddenly very drowsy.,Diabetic Emergency,templated
My grandma is diabtic and has cold clammy skin.,Diabetic Emergency,templated
please my dad has a sugar low and is sweating a lot,Diabetic Emergency,templated
"My boyfriend is diabetic and suddenly very drowsy, after skipping lunch.",Diabetic Emergency,templated
My husband has a blood sugar of 40.,Diabetic Emergency,templated
"A teenager has a glucose monitor alarming low, and the meter says low.",Diabetic Emergency,templated
my husband has diabetes and is barely making sense,Diabetic Emergency,templated
"My neighbor is diabetic and suddenly very drowsy, and took too much insulin.",Diabetic Emergency,templated
My teenage son has diabetes and fainted.,Diabetic Emergency,templated
My mom has low blood sugar and is shaking.,Diabetic Emergency,templated
"My grandpa is on insulin and is acting really strange, and took too much insulin.",Diabetic Emergency,templated
please a child at school took insulin and didn't eat and is now sweaty and dizzy,Diabetic Emergency,templated
My boyfriend is on insulin and is acting really strange!,Diabetic Emergency,templated
The driver missed a meal after insulin and is confused.,Diabetic Emergency,templated
"My aunt is diabetic and acting confused, after exercising.",Diabetic Emergency,templated
A patient in the waiting room is diabetic and suddenly very drowsy.,Diabetic Emergency,templated
hurry my toddler has type 1 diabetes and is pale and trembling and the meter says low,Diabetic Emergency,templated
My nephew has a sugar low and is sweating a lot.,Diabetic Emergency,templated
"My little girl is on insulin and is acting really strange, and took too much insulin!",Diabetic Emergency,templated
My wife is diabetic and slurring words.,Diabetic Emergency,templated
"My husband has sugar dropping and a racing heart, and the meter says low!",Diabetic Emergency,templated
"My uncle is diabetic and acting confused, after exercising.",Diabetic Emergency,templated
my 9 year old has diabetes and is barely making sense,Diabetic Emergency,templated
"My nephew is diabetic and slurring words, and the meter says low.",Diabetic Emergency,templated
"My 3 year old is shaky, sweaty and hungry and has diabetes, after exercising.",Diabetic Emergency,templated
hurry my toddler has diabetes and is getting aggressive and confused,Diabetic Emergency,templated
my teammate has a glucose monitor alarming low,Diabetic Emergency,templated
"My grandma has diabetes and fainted, after exercising.",Diabetic Emergency,templated
My nicee has diabetes and is barely making sense.,Diabetic Emergency,templated
My teen daughter is dibetic and acting confused.,Diabetic Emergency,templated
please help my father in law is diabetic and feels weak and lightheaded,Diabetic Emergency,templated
oh god my nephew has diabetes and is getting aggressive and confused and took too much insulin,Diabetic Emergency,templated
my brother has a sugar low and is sweating a lot,Diabetic Emergency,templated
My little girl has diabetes and is behaving like they're drunk.,Diabetic Emergency,templated
"A coworker is shaky, sweaty and hungry and has diabetes, after exercising.",Diabetic Emergency,templated
"My nephew is hypoglycemic and irritable, and the meter says low.",Diabetic Emergency,templated
A customer has type 1 diabetes and is pale and trembling.,Diabetic Emergency,templated
My sister is diabetic and slurring words!,Diabetic Emergency,templated
"My grandpa has low blood sugar and is shaking, and took too much insulin.",Diabetic Emergency,templated
please my teenage son is on insulin and is acting really strange,Diabetic Emergency,templated
My dad has a blood sugar of 40.,Diabetic Emergency,templated
my uncle is diabetic and has cold clammy skin,Diabetic Emergency,templated
oh god my little boy has sugar dropping and a racing heart and the meter says low,Diabetic Emergency,templated
my neighbor has type 1 diabetes and is pale and trembling,Diabetic Emergency,templated
My sister is on insulin and is acting really strange.,Diabetic Emergency,templated
My toddler is diabetic and suddenly very drowsy!,Diabetic Emergency,templated
my father in law has type 1 diabetes and is pale and trembling,Diabetic Emergency,templated
my partner is diabetic and slurring words,Diabetic Emergency,templated
"An old man is diabetic and acting confused, after exercising.",Diabetic Emergency,templated
A student is hypoglycemic and irritable.,Diabetic Emergency,templated
My 9 year old has low blood sugar and is shaking.,Diabetic Emergency,templated
"This guy has type 1 diabetes and is pale and trembling, after exercising.",Diabetic Emergency,templated
A student is diabetic and suddenly very drowsy!,Diabetic Emergency,templated
"My neighbor has diabetes and is barely making sense, and took too much insulin.",Diabetic Emergency,templated
"Possible stroke: face droop, arm weakness, slurred speech.",Stroke,handwritten
She suddenly can't move her right arm and her speech is garbled.,Stroke,handwritten
"FAST signs, face drooping, cant lift arm",Stroke,handwritten
My dad's mouth is drooping and he can't hold his phone with his right hand.,Stroke,handwritten
sudden numbness in her left arm and leg and she's confused,Stroke,handwritten
he says the worst headache of his life and now one side is weak,Stroke,handwritten
Woman suddenly lost speech and has one-sided weakness.,Stroke,handwritten
what does BE FAST stand for,Stroke,howto
stroke warning signs,Stroke,howto
how to recognize a stroke,Stroke,howto
stroke first aid steps,Stroke,howto
how to check for a stroke face arms speech,Stroke,howto
should you give aspirin for a stroke,Stroke,howto
stroke symptoms one side weakness what to do,Stroke,howto
first aid while waiting for ambulance stroke,Stroke,howto
"she tripped and went down, now the side of her face is drooping and her words come out wrong",Stroke,contrast
"he slumped over in his chair, now one side of his face sags and his arm won't lift",Stroke,contrast
my grandma fell over because her leg gave out and now she can't talk properly,Stroke,contrast
her smile is crooked out of nowhere and her hand is weak,Stroke,contrast
he suddenly can't get his words out and his arm feels strange,Stroke,contrast
terrible headache came on all at once and now one side of her body is numb,Stroke,contrast
My brother can't smile evenly and one arm drifts down.,Stroke,templated
"My dad has a face that suddenly looks uneven, about ten minutes ago.",Stroke,templated
"My roommate suddenly lost balance and one side went numb, about ten minutes ago.",Stroke,templated
A patient in the waiting room can't smile evenly and one arm drifts down.,Stroke,templated
my wife suddenly lost balance and one side went numb about ten minutes ago,Stroke,templated
A man at the store has sudden numbness on one side.,Stroke,templated
"My brother suddenly can't understand what people say, out of nowhere.",Stroke,templated
i don't know what to do the driver can't smile evenly and one arm drifts down,Stroke,templated
"My teen daughter suddenly lost balance and one side went numb, about ten minutes ago.",Stroke,templated
A coworker is suddenly confused and can't find words.,Stroke,templated
this guy has one side of the face drooping,Stroke,templated
"My aunt has one side of the face drooping, and it came on suddenly.",Stroke,templated
a stranger on the street has sudden numbness on one side about ten minutes ago,Stroke,templated
a student is suddenly confused and can't find words,Stroke,templated
My 15 year old suddenly can't understand what people say.,Stroke,templated
"My uncle suddenly can't speak properly, out of nowhere.",Stroke,templated
My dad suddenly can't understand what people say.,Stroke,templated
My partner is suddenly confused and can't find words.,Stroke,templated
my grandma has one side of the face drooping,Stroke,templated
"My partner suddenly lost blaance and one side went numb, about ten minutes ago.",Stroke,templated
My girlfriend is suddenly confused and can't find words.,Stroke,templated
A customer has a face that suddenly looks uneven.,Stroke,templated
My dad has a face that suddenly looks uneven.,Stroke,templated
"An old man has slurred speech and a drooping mouth, and is very confused.",Stroke,templated
"A man at the stroe suddenly can't speak properly, out of nowhere.",Stroke,templated
My brother has one side of the face drooping.,Stroke,templated
a man at the store suddenly lost balance and one side went numb,Stroke,templated
My girlfriend is mumbling and one eyelid is drooping!,Stroke,templated
"My father in law suddenly can't understand what people say, and it came on suddenly.",Stroke,templated
A student suddenly can't move the left side.,Stroke,templated
A customer has sudden numbness on one side.,Stroke,templated
help my grandpa is mumbling and one eyelid is drooping and is very confused,Stroke,templated
"My teenage son dropped a cup because one hand went numb, about ten minutes ago.",Stroke,templated
"My brother dropped a cup bceause one hand went numb, and it came on suddenly.",Stroke,templated
a woman on the bus has one side of the face drooping,Stroke,templated
My grandma has slurred speech and a drooping mouth.,Stroke,templated
My roommate suddenly can't move the left side.,Stroke,templated
"My neighbor can't smile evenly and one arm drits down, about ten minutes ago.",Stroke,templated
"My teammate can't smie evenly and one arm drifts down, about ten minutes ago.",Stroke,templated
hurry my neighbor has a sudden terrible headache and weakness on one side and it came on suddenly,Stroke,templated
A patient in the waiting room is mumbling and one eyelid is drooping.,Stroke,templated
My sister has a lopsided smile all of a sudden.,Stroke,templated
"My partner is suddenly confused and can't find words, about ten minutes ago.",Stroke,templated
A teenager is mumbling and one eyelid is drooping.,Stroke,templated
This guy has a lopsided smile all of a sudden.,Stroke,templated
A woman on the bus can't lift one arm and is slurring.,Stroke,templated
what do i do an old man suddenly can't speak properly,Stroke,templated
i don't know what to do a customer suddenly can't speak properly,Stroke,templated
The driver is mumblnig and one eyelid is drooping.,Stroke,templated
quick a patient in the waiting room suddenly can't speak properly and is very confused,Stroke,templated
A stranger on the steet can't lift one arm and is slurring.,Stroke,templated
My grandpa can't lift one arm and is slurring.,Stroke,templated
my aunt has one side of the face drooping,Stroke,templated
My wife has sudden nubmness on one side.,Stroke,templated
This lady has one side of the face drooping.,Stroke,templated
My dad dropped a cup because one hand went numb.,Stroke,templated
um my uncle suddenly lost balance and one side went numb and is very confused,Stroke,templated
a stranger on the street has sudden numbness on one side,Stroke,templated
"My 15 year old suddenly can't move the left side, about ten minutes ago.",Stroke,templated
"My girlfriend suddenly lost balance and one side went numb, and is very confused.",Stroke,templated
"My husband has a face that suddenly looks uneven, and is very confused.",Stroke,templated
my friend can't lift one arm and is slurring,Stroke,templated
My 15 year old has sudden numbness on one side.,Stroke,templated
A stanger on the street has slurred speech and a drooping mouth.,Stroke,templated
The driver dropped a cup because one hand went numb.,Stroke,templated
My father in law dropped a cup because one hand went numb.,Stroke,templated
"Suspected opioid overdose, unresponsive, slow breathing, pinpoint pupils.",Opioid Overdose,handwritten
my brother used fentanyl and he's not waking up,Opioid Overdose,handwritten
She took a bunch of oxycodone and her breathing is so slow.,Opioid Overdose,handwritten
"found him with a needle, lips blue, barely breathing",Opioid Overdose,handwritten
"Overdose at a party, girl won't wake up, snoring weird.",Opioid Overdose,handwritten
"heroin overdose, need narcan instructions",Opioid Overdose,handwritten
"Man slumped in his car, tiny pupils, not responding.",Opioid Overdose,handwritten
how to use narcan,Opioid Overdose,howto
how to give naloxone,Opioid Overdose,howto
narcan nose spray instructions,Opioid Overdose,howto
how long does narcan take to work,Opioid Overdose,howto
can you give a second dose of narcan,Opioid Overdose,howto
opioid overdose first aid,Opioid Overdose,howto
signs of a fentanyl overdose,Opioid Overdose,howto
rescue breathing for overdose,Opioid Overdose,howto
recovery position after naloxone,Opioid Overdose,howto
how do I reverse an opioid overdose,Opioid Overdose,howto
he took too many percs and we can't wake him up,Opioid Overdose,contrast
i think he did fent and now he's not responding and his lips are blue,Opioid Overdose,contrast
she took a bunch of vicodin and is snoring weird and won't wake up,Opioid Overdose,contrast
he's nodding out hard after using and his pupils are pinpoints,Opioid Overdose,contrast
how many percocets is an overdose,Opioid Overdose,contrast
what does a fentanyl overdose look like,Opioid Overdose,contrast
This lady won't respond and the pupils are tiny!,Opioid Overdose,templated
hurry a teenager took a lot of methadone and is breathing shallow and is making snoring sounds,Opioid Overdose,templated
um my dad took extra morphine and is really sleepy and breathing slowly and the lips are blue,Opioid Overdose,templated
hurry the driver took extra morphine and is really sleepy and breathing slowly and is making snoring sounds,Opioid Overdose,templated
help my grandpa has blue lips and gurgling breathing after drugs and we have naloxone,Opioid Overdose,templated
My aunt is overdosing and we have narcan.,Opioid Overdose,templated
My aunt took fentanyl and won't wake up.,Opioid Overdose,templated
A teenager took extra morphine and is really sleepy and breathing slowly.,Opioid Overdose,templated
a stranger on the street won't respond and the pupils are tiny,Opioid Overdose,templated
My girlfriend is overdosing and we have narcan.,Opioid Overdose,templated
"The driver is passed out after drugs and snoring strangely, there are pills everywhere.",Opioid Overdose,templated
An old man noded off and can't be woken up after using.,Opioid Overdose,templated
my mom shot up and is not responding and we have naloxone,Opioid Overdose,templated
uh an old man took extra morphine and is really sleepy and breathing slowly and the lips are blue,Opioid Overdose,templated
My dad has blue lips and gurgling breathing after drugs!,Opioid Overdose,templated
"My friend is breathing only a few times a minute after taking painkillers, and is making snoring sounds.",Opioid Overdose,templated
please help a customer is unresponsive with tiny pupils after using and is making snoring sounds,Opioid Overdose,templated
a patient in the waiting room has pinpoint pupils and very slow breathing and is making snoring sounds,Opioid Overdose,templated
"My grandpa took fentanyl and won't wake up, there are pills everywhere.",Opioid Overdose,templated
A stranger on the street took too many oxy and is hard to wake.,Opioid Overdose,templated
"My wife nodded off and can't be woken up after using, there are pills everywhere!",Opioid Overdose,templated
The driver has a neelde next to them and won't wake.,Opioid Overdose,templated
"This lady is passed out after drugs and snoring strangely, and the lips are blue.",Opioid Overdose,templated
quick my brother has a needle next to them and won't wake and is making snoring sounds,Opioid Overdose,templated
my partner nodded off and can't be woken up after using there are pills everywhere,Opioid Overdose,templated
This lady is passed out after drugs and snoring strangely.,Opioid Overdose,templated
An old man is overdsoing and we have narcan.,Opioid Overdose,templated
A student overdosed on pils and is barely breathing.,Opioid Overdose,templated
My 15 year old took fentanyl and won't wake up.,Opioid Overdose,templated
what do i do my sister has pinpoint pupils and very slow breathing,Opioid Overdose,templated
"This guy won't respond and the pupils are tiny, and is making snoring sounds.",Opioid Overdose,templated
My father in law has pinpoint pupils and very slow breathing.,Opioid Overdose,templated
My brother took a lot of mehadone and is breathing shallow.,Opioid Overdose,templated
"My husband is unresponsive with tiny pupils after using, there are pills everywhere.",Opioid Overdose,templated
"My wife has pinpoint pupils and very slow breathing, and we have naloxone.",Opioid Overdose,templated
My friend is passed out after drugs and snoring strangely.,Opioid Overdose,templated
"My grandpa took too many oxy and is hard to wake, and is making snoring sounds.",Opioid Overdose,templated
A customer took a lot of methadone and is breathing shallow.,Opioid Overdose,templated
My husband has a needle next to them and won't wake.,Opioid Overdose,templated
My grandpa has a needle next to them and won't wake!,Opioid Overdose,templated
A man at the store is overdosing and we have narcan.,Opioid Overdose,templated
A stranger on the street is overdosing and we have narcan.,Opioid Overdose,templated
"My girlfriend won't respond and the pupils are tiny, and the lips are blue.",Opioid Overdose,templated
A stranger on the street nodded off and can't be woken up after using.,Opioid Overdose,templated
this lady has a needle next to them and won't wake and we have naloxone,Opioid Overdose,templated
"A teenager nodded off and can't be woken up after using, and the lips are blue.",Opioid Overdose,templated
"A patient in the waiting room took extra morphine and is really sleepy and breathing slowly, and is making snoring sounds.",Opioid Overdose,templated
"My partner overdosed on pills and is barely breathing, and is making snoring sounds.",Opioid Overdose,templated
"My teammate won't respond and the puplis are tiny, and we have naloxone.",Opioid Overdose,templated
A woman on the bus shot up and is not responding.,Opioid Overdose,templated
"My friend nodded off and can't be woken up after using, there are pills everywhere.",Opioid Overdose,templated
um my dad is unresponsive with tiny pupils after using there are pills everywhere,Opioid Overdose,templated
please a stranger on the street nodded off and can't be woken up after using,Opioid Overdose,templated
"My wife has blue lips and gurgling breathing after drugs, there are pills everywhere!",Opioid Overdose,templated
My uncle is breathing only a few times a minute after taking painkillers!,Opioid Overdose,templated
My wife took extra morphine and is really sleepy and breathing slowly.,Opioid Overdose,templated
My aunt took too many oxy and is hard to wake.,Opioid Overdose,templated
My friend took fentanyl and won't wake up.,Opioid Overdose,templated
please help my mom shot up and is not responding,Opioid Overdose,templated
i don't know what to do my boyfriend took fentanyl and won't wake up,Opioid Overdose,templated
Someone here is breathing only a few times a minute after taking painkillers.,Opioid Overdose,templated
My girlrfiend has pinpoint pupils and very slow breathing.,Opioid Overdose,templated
This lady took too many oxy and is hard to wake.,Opioid Overdose,templated
My neighbor nodded off and can't be woken up atfer using.,Opioid Overdose,templated
My father in law is overdosing and we have narcan.,Opioid Overdose,templated
a student has a needle next to them and won't wake and the lips are blue,Opioid Overdose,templated
My friend used heroin and is turning blue.,Opioid Overdose,templated
My roommate is limp with slow shallow breaths after a party pill.,Opioid Overdose,templated
My girlfirend has blue lips and gurgling breathing after drugs.,Opioid Overdose,templated
This guy nodded off and can't be woken up after using.,Opioid Overdose,templated
"Heavy bleeding from a leg wound, blood soaking through bandages.",Severe Bleeding,handwritten
my husband cut his arm with a chainsaw and there's blood everywhere,Severe Bleeding,handwritten
She sliced her hand on a broken bottle and it's spurting.,Severe Bleeding,handwritten
"stab wound, lots of blood, wont stop",Severe Bleeding,handwritten
massive bleeding from his thigh after a motorcycle crash,Severe Bleeding,handwritten
the cut on her arm keeps pumping blood,Severe Bleeding,handwritten
"Deep wound, bright red blood squirting out.",Severe Bleeding,handwritten
how to apply a tourniquet,Severe Bleeding,howto
how to make an improvised tourniquet,Severe Bleeding,howto
how to stop heavy bleeding,Severe Bleeding,howto
how to pack a wound,Severe Bleeding,howto
where to place a tourniquet on a leg,Severe Bleeding,howto
how tight should a tourniquet be,Severe Bleeding,howto
direct pressure for bleeding how long,Severe Bleeding,howto
how to stop bleeding from a deep cut,Severe Bleeding,howto
stop the bleed steps,Severe Bleeding,howto
first aid for arterial bleeding,Severe Bleeding,howto
what to do if blood soaks through the bandage,Severe Bleeding,howto
My daughter has a deep gash that keeps pouring blood.,Severe Bleeding,templated
"This guy is losing a lot of blood from a wound, and pressure isn't helping.",Severe Bleeding,templated
My 4 month old has a big laceration that keeps bleeding.,Severe Bleeding,templated
quick my baby has heavy bleeding from the thigh,Severe Bleeding,templated
My ucle has a big laceration that keeps bleeding.,Severe Bleeding,templated
my niece got cut by glass and is bleeding badly,Severe Bleeding,templated
"My 4 month old has blood spurting from a leg wound, and pressure isn't helping.",Severe Bleeding,templated
please an old man cut an artery i think there's blood everywhere,Severe Bleeding,templated
A teenager got hurt by a power tool and is bleeding a lot.,Severe Bleeding,templated
a patient in the waiting room sliced a finger to the bone and it's gushing,Severe Bleeding,templated
help my 3 year old has blood spurting from a leg wound the towel is soaked,Severe Bleeding,templated
"Our newborn has blood sputing from a leg wound, and pressure isn't helping.",Severe Bleeding,templated
My grandpa is bleeding heavily from a cut on the arm!,Severe Bleeding,templated
"The driver has a wound soaking through every towel, the towel is soaked!",Severe Bleeding,templated
My toddler has an injury on the arm pumping blood.,Severe Bleeding,templated
The driver has a wound soaking throuh every towel.,Severe Bleeding,templated
My grandpa has a wound on the neck bleeding heavily.,Severe Bleeding,templated
My nephew got hurt by a power tool and is bleeding a lot!,Severe Bleeding,templated
hurry the driver cut an artery i think there's blood everywhere and feels faint,Severe Bleeding,templated
quick a patient in the waiting room has a deep gash that keeps pouring blood and feels faint,Severe Bleeding,templated
Someone here has a bleeding wound that pressure isn't stopping.,Severe Bleeding,templated
this lady has heavy bleeding from the thigh and pressure isn't helping,Severe Bleeding,templated
uh my father in law is losing a lot of blood from a wound and pressure isn't helping,Severe Bleeding,templated
a patient in the waiting room is bleeding heavily from a cut on the arm the towel is soaked,Severe Bleeding,templated
My girlfriend has an injury on the arm pumping blood.,Severe Bleeding,templated
my teenage son is bleeding heavily from a cut on the arm,Severe Bleeding,templated
uh my roommate is bleeding heavily from a cut on the arm,Severe Bleeding,templated
The driver got hurt by a power tool and is bleeding a lot.,Severe Bleeding,templated
A patient in the waiting room has heavy bleeding from the thigh.,Severe Bleeding,templated
My 9 year old has an injury on the arm pumping blood.,Severe Bleeding,templated
A child at school got hurt by a power tool and is bleeing a lot.,Severe Bleeding,templated
A patient in the waiting room has an injury on the arm pumping blood.,Severe Bleeding,templated
My son has a bleeding woud that pressure isn't stopping.,Severe Bleeding,templated
the driver has an injury on the arm pumping blood and feels faint,Severe Bleeding,templated
A teenager has an injury on the arm pumping blood.,Severe Bleeding,templated
My grndma got hurt by a power tool and is bleeding a lot.,Severe Bleeding,templated
My little boy got cut by glass and is bleeding badly.,Severe Bleeding,templated
i don't know what to do my 8 month old has a bleeding wound that pressure isn't stopping,Severe Bleeding,templated
"My little girl has a wound on the neck bleeding heavily, and pessure isn't helping.",Severe Bleeding,templated
"My father in law has a bleeding wound that pressure isn't stopping, the towel is soaked!",Severe Bleeding,templated
"My niece has a bleeding wound that pressure isn't stopping, the towel is soaked.",Severe Bleeding,templated
My teenage son has a wonud on the neck bleeding heavily.,Severe Bleeding,templated
"My grandpa has a wound soaking through every towel, and feels faint.",Severe Bleeding,templated
My brother has heavy bleeding from the thigh.,Severe Bleeding,templated
a student has a big laceration that keeps bleeding,Severe Bleeding,templated
"A man at the store sliced a finger to the bone and it's gushing, the towel is soaked.",Severe Bleeding,templated
My neighbor got hurt by a power tool and is bleeding a lot.,Severe Bleeding,templated
A coworker is bleeding heavily from a cut on the arm.,Severe Bleeding,templated
"A stranger on the street has an injury on the arm pumping blood, the towel is soaked.",Severe Bleeding,templated
An old man has a wond on the neck bleeding heavily.,Severe Bleeding,templated
A customer got hurt by a power tool and is bleeding a lot.,Severe Bleeding,templated
A student has a wound soaking through every towel.,Severe Bleeding,templated
A child at school has heavy bleeding from the thigh!,Severe Bleeding,templated
"My 4 month old got cut by glass and is bleeding badly, and feels faint.",Severe Bleeding,templated
help my teammate got hurt by a power tool and is bleeding a lot,Severe Bleeding,templated
Someone here was stabbed and is bleeding a lot.,Severe Bleeding,templated
My 15 year old is losing a lot of blood from a wound.,Severe Bleeding,templated
"My father in law has a bleeding wound that pressure isn't stopping, and feels faint.",Severe Bleeding,templated
A child at school has an injury on the arm pumping blood.,Severe Bleeding,templated
My wife has an injury on the arm pumping blood!,Severe Bleeding,templated
My teenage son sliced a finger to the bone and it's gushing.,Severe Bleeding,templated
"My brother has blodo pooling on the floor from a cut, and pressure isn't helping.",Severe Bleeding,templated
my teammate cut an artery i think there's blood everywhere,Severe Bleeding,templated
"My father in law got hurt by a power tool and is bleeding a lot, and feels faint.",Severe Bleeding,templated
"Chemical splash to the eye at work, burning, can't open it.",Burns (Chemical to Eye),handwritten
my son sprayed bleach in his eyes,Burns (Chemical to Eye),handwritten
acid splashed in my eye,Burns (Chemical to Eye),handwritten
Cleaning product got in the baby's eye.,Burns (Chemical to Eye),handwritten
got bathroom cleaner in my eye it stings like crazy,Burns (Chemical to Eye),handwritten
He was working with chemicals and some got in both eyes.,Burns (Chemical to Eye),handwritten
"Alkali splash in the eye, red and painful.",Burns (Chemical to Eye),handwritten
how to rinse chemicals out of an eye,Burns (Chemical to Eye),howto
how long should you flush an eye with water,Burns (Chemical to Eye),howto
eye wash after chemical splash,Burns (Chemical to Eye),howto
first aid for chemical in the eye,Burns (Chemical to Eye),howto
what to do if bleach gets in your eye,Burns (Chemical to Eye),howto
how to flush an eye with contact lenses in,Burns (Chemical to Eye),howto
chemical eye injury first aid steps,Burns (Chemical to Eye),howto
what to do after getting cleaning spray in the eyes,Burns (Chemical to Eye),howto
acid splash eye treatment,Burns (Chemical to Eye),howto
My 3 year old got chemicals in both eyes at work.,Burns (Chemical to Eye),templated
The baby got disinfectant in the eye.,Burns (Chemical to Eye),templated
"My roommate got disinfectant in the eye, and can't open it.",Burns (Chemical to Eye),templated
My mom got ammonia in the eye!,Burns (Chemical to Eye),templated
"My sister has a red, watering eye after cleaner splashed.",Burns (Chemical to Eye),templated
help my daughter rubbed the eye with chemicals on the hand,Burns (Chemical to Eye),templated
"This lady got some cement dust in the eye and it burns, and it won't stop watering.",Burns (Chemical to Eye),templated
quick my 8 month old rubbed the eye with chemicals on the hand,Burns (Chemical to Eye),templated
My 8 month old got lye in the eye.,Burns (Chemical to Eye),templated
My 15 year old got some cement dust in the eye and it burns.,Burns (Chemical to Eye),templated
i don't know what to do someone here has a red watering eye after cleaner splashed and it's really red,Burns (Chemical to Eye),templated
what do i do my little boy has acid in the eye,Burns (Chemical to Eye),templated
"This lady has a burning eye after a chemical splash, and it won't stop watering.",Burns (Chemical to Eye),templated
"A patient in the waiting room has acid in the eye, and can't open it.",Burns (Chemical to Eye),templated
my teen daughter has a burning eye after a chemical splash,Burns (Chemical to Eye),templated
"My 9 year old has acid in the eye, and vision is blurry!",Burns (Chemical to Eye),templated
what do i do my wife got some cement dust in the eye and it burns and it's really red,Burns (Chemical to Eye),templated
"My daughter has a red, watering eye after cleaner splashed!",Burns (Chemical to Eye),templated
My niece rubbed the eye with chemicals on the hand.,Burns (Chemical to Eye),templated
My baby splashed darin cleaner into the eyes.,Burns (Chemical to Eye),templated
My mom got lye in the eye.,Burns (Chemical to Eye),templated
My son splashed drain cleaner into the eyes.,Burns (Chemical to Eye),templated
my nephew got ammonia in the eye and vision is blurry,Burns (Chemical to Eye),templated
A kid at the park got bleach in the eye.,Burns (Chemical to Eye),templated
My sister got bleach in the eye.,Burns (Chemical to Eye),templated
"A kid at the park has a red, watering eye after cleaner splashed.",Burns (Chemical to Eye),templated
My 6 year old got chemicals in both eyes at work.,Burns (Chemical to Eye),templated
My neighbor has pool chlorine in the eyes and can't open them!,Burns (Chemical to Eye),templated
"Our newborn got ammonia in the eye, and can't open it.",Burns (Chemical to Eye),templated
please an old man got ammonia in the eye,Burns (Chemical to Eye),templated
a coworker got chemicals in both eyes at work,Burns (Chemical to Eye),templated
My grandma got some cement dust in the eye and it burns.,Burns (Chemical to Eye),templated
my grandpa got chemicals in both eyes at work,Burns (Chemical to Eye),templated
This guy got oven cleaner in the eye and it burns.,Burns (Chemical to Eye),templated
An old man srpayed cleaning product into the eyes.,Burns (Chemical to Eye),templated
"My aunt got detergent in the eye and it's red and stinging, and vision is blurry.",Burns (Chemical to Eye),templated
My grandpa got ammonia in the eye.,Burns (Chemical to Eye),templated
"My grandma has a red, watering eye after cleaner splashed.",Burns (Chemical to Eye),templated
My daughter got some cement dust in the eye and it burns!,Burns (Chemical to Eye),templated
"My sister got ammonia in the eye, and it's really red.",Burns (Chemical to Eye),templated
"My niece got bleach in the eye, and vision is blurry.",Burns (Chemical to Eye),templated
The baby rubbed the eye with chemicals on the hand.,Burns (Chemical to Eye),templated
my sister got bleach in the eye and can't open it,Burns (Chemical to Eye),templated
A student got some ceemnt dust in the eye and it burns.,Burns (Chemical to Eye),templated
"My uncle can't see after a chemical sprayed in the face, and vision is blurry.",Burns (Chemical to Eye),templated
My teen daughter sprayed cleaning product into the eyes.,Burns (Chemical to Eye),templated
"Someone here splashed drain cleaner into the eyes, and it won't stop watering.",Burns (Chemical to Eye),templated
A patient in the waiting room got paint thinner in the eye!,Burns (Chemical to Eye),templated
My boyfriend got solvent splashed into the eyes.,Burns (Chemical to Eye),templated
"My aunt got detergent in the eye and it's red and stinging, and can't open it.",Burns (Chemical to Eye),templated
My dad sprayed cleaning product into the eyes.,Burns (Chemical to Eye),templated
my daughter rubbed the eye with chemicals on the hand,Burns (Chemical to Eye),templated
A kid at the park got ammonia in the eye.,Burns (Chemical to Eye),templated
My toddler got oven clener in the eye and it burns.,Burns (Chemical to Eye),templated
"My friend has a red, watering eye after cleaner splashed.",Burns (Chemical to Eye),templated
A child at school got some cement dust in the eye and it burns.,Burns (Chemical to Eye),templated
"The baby got oven cleaner in the eye and it burns, and can't open it.",Burns (Chemical to Eye),templated
"My dad got oven ceaner in the eye and it burns, and it's really red.",Burns (Chemical to Eye),templated
"My baby has a burning eye after a chemical splash, and can't open it.",Burns (Chemical to Eye),templated
My dad got solvent splashed into the eyes!,Burns (Chemical to Eye),templated
"My grandma got detergent in the eye and it's red and stinging, and vision is blurry!",Burns (Chemical to Eye),templated
"A stranger on the street got chemicals in both eyes at work, and vision is blurry.",Burns (Chemical to Eye),templated
My teammate got bleach in the eye.,Burns (Chemical to Eye),templated
My sister got oven cleaner in the eye and it burns!,Burns (Chemical to Eye),templated
My father in law got paint thinner in the eye.,Burns (Chemical to Eye),templated
My 6 year old got paint thinner in the eye!,Burns (Chemical to Eye),templated
My neighbor got blaech in the eye.,Burns (Chemical to Eye),templated
My uncle has a burning eye after a chemical splash!,Burns (Chemical to Eye),templated
"My 8 month old has a red, watering eye after cleaner splashed, and it won't stop watering.",Burns (Chemical to Eye),templated
"This lady has acid in the eye, and it's really red.",Burns (Chemical to Eye),templated
"Scald from boiling water on the forearm, blistering.",Burns (Thermal),handwritten
my toddler touched the oven door and burned his hand,Burns (Thermal),handwritten
She spilled hot tea on her leg and it's blistered.,Burns (Thermal),handwritten
"burn from cooking oil, big blisters",Burns (Thermal),handwritten
"He got burned by the bonfire, skin is charred on his hand.",Burns (Thermal),handwritten
baby got hot coffee spilled on her,Burns (Thermal),handwritten
i burnt my arm on the grill,Burns (Thermal),handwritten
Second degree burn on hand from a hot pan.,Burns (Thermal),handwritten
how long to run a burn under cool water,Burns (Thermal),howto
first aid for a scald,Burns (Thermal),howto
should you pop a burn blister,Burns (Thermal),howto
how to cover a burn,Burns (Thermal),howto
can I put ice on a burn,Burns (Thermal),howto
second degree burn treatment at home,Burns (Thermal),howto
what to do for a kitchen burn,Burns (Thermal),howto
burn first aid steps,Burns (Thermal),howto
how to tell how bad a burn is,Burns (Thermal),howto
"The baby has burnt skin from a campfire, and it's swelling.",Burns (Thermal),templated
The infant touched a hot pan and the skin is blistering.,Burns (Thermal),templated
i don't know what to do my partner got scalded by hot coffee,Burns (Thermal),templated
"My 4 month old burned a leg on the exhaust pipe, and it's swelling.",Burns (Thermal),templated
My daughter has a burn on the arm that is white and painful.,Burns (Thermal),templated
An old man burned fingers on a candle flame!,Burns (Thermal),templated
"My lttle boy spilled boiling water on the arm, and it's blistering.",Burns (Thermal),templated
what do i do my father in law burned a leg on the exhaust pipe,Burns (Thermal),templated
My aunt touched a hot pan and the skin is blistering.,Burns (Thermal),templated
My toddler has a burn on the arm that is white and painful.,Burns (Thermal),templated
oh god my teenage son has a blistering burn from the oven door and it's blistering,Burns (Thermal),templated
i don't know what to do my wife has a burn with blisters and it's swelling,Burns (Thermal),templated
My toddler has a bad burn from a fire.,Burns (Thermal),templated
The infant has a burn with blisters.,Burns (Thermal),templated
"A woman on the bus has a burn from a hot glue gun, and it's swelling.",Burns (Thermal),templated
"A kid at the park has red, peeling skin from hot water.",Burns (Thermal),templated
what do i do my 9 year old touched a hot pan and the skin is blistering,Burns (Thermal),templated
my 15 year old burned a hand on the stove,Burns (Thermal),templated
my neighbor has burnt skin from a campfire and it's swelling,Burns (Thermal),templated
My neighbor spilled boiling water on the arm.,Burns (Thermal),templated
what do i do a coworker has a burn from a hot glue gun,Burns (Thermal),templated
someone here burned a hand on the stove,Burns (Thermal),templated
"My sister spilled boiling water on the arm, and it really hurts.",Burns (Thermal),templated
My teammate has a steam burn on the face.,Burns (Thermal),templated
A customer got scalded by hot coffee.,Burns (Thermal),templated
"A student burned fingers on a candle flame, and it's swelling.",Burns (Thermal),templated
The baby got scaldde by hot coffee.,Burns (Thermal),templated
my neighbor has a burn on the arm that is white and painful,Burns (Thermal),templated
a coworker has red peeling skin from hot water,Burns (Thermal),templated
"My girlfriend has burnt skin from a campfire, and it really hurts.",Burns (Thermal),templated
"The driver touhced a hot pan and the skin is blistering, and it's blistering.",Burns (Thermal),templated
hurry my baby boy burned fingers on a candle flame and it's swelling,Burns (Thermal),templated
"An old man spilled boiling water on the arm, and it's blistering.",Burns (Thermal),templated
My friend got scalded by hot coffee!,Burns (Thermal),templated
"My grandma spilled boiling water on the arm, and it really hurts!",Burns (Thermal),templated
oh god my 9 year old grabbed a hot iron,Burns (Thermal),templated
My little boy has a blistering burn from the oven door.,Burns (Thermal),templated
my father in law touched a hot pan and the skin is blistering,Burns (Thermal),templated
"A woman on the bus has a blistering burn from the oven door, and it really hurts.",Burns (Thermal),templated
help a stranger on the street has a burn with blisters,Burns (Thermal),templated
hurry my teammate has a blistering burn from the oven door,Burns (Thermal),templated
"My baby girl has red, peeling skin from hot water.",Burns (Thermal),templated
"My 3 year old grabbed a hot iron, and it's swelling.",Burns (Thermal),templated
this lady has a blistering burn from the oven door,Burns (Thermal),templated
My 8 month old has a blistering burn from the oven door.,Burns (Thermal),templated
My baby girl has a blistering burn from the oven door.,Burns (Thermal),templated
my 4 month old has red peeling skin from hot water,Burns (Thermal),templated
my grandpa got scalded in a bath that was too hot,Burns (Thermal),templated
My 8 month old has a burn from a hot glue gun.,Burns (Thermal),templated
the driver burned a hand on the stove,Burns (Thermal),templated
my sister grabbed a hot iron,Burns (Thermal),templated
My gandpa has a burn from a hot glue gun.,Burns (Thermal),templated
A woman on the bus has a bad burn from a fire.,Burns (Thermal),templated
My girlfriend spilled hot soup on the lap.,Burns (Thermal),templated
"My little girl got scalded by hot coffee, and it's blistering.",Burns (Thermal),templated
My baby boy has a steam burn on the face.,Burns (Thermal),templated
my brother has a blistering burn from the oven door and it's swelling,Burns (Thermal),templated
our newborn got scalded by hot coffee,Burns (Thermal),templated
The driver got burned by hot oil.,Burns (Thermal),templated
"My niece has a bilstering burn from the oven door, and it's blistering.",Burns (Thermal),templated
My husband spilled boiling water on the arm.,Burns (Thermal),templated
My teammaet got scalded by hot coffee.,Burns (Thermal),templated
"My baby has red, peeling skin from hot water.",Burns (Thermal),templated
"Child swallowed dish soap, vomiting.",Poisoning / Ingestion,handwritten
my toddler got into the cleaning supplies and drank some,Poisoning / Ingestion,handwritten
He drank antifreeze thinking it was a drink.,Poisoning / Ingestion,handwritten
she swallowed a bunch of her grandma's pills,Poisoning / Ingestion,handwritten
"Accidental poisoning, ate rat poison pellets.",Poisoning / Ingestion,handwritten
my son ate a laundry pod,Poisoning / Ingestion,handwritten
Someone drank bleach and is coughing and throwing up.,Poisoning / Ingestion,handwritten
The kid swallowed a coin battery.,Poisoning / Ingestion,handwritten
what to do if a child swallows poison,Poisoning / Ingestion,howto
poison control number,Poisoning / Ingestion,howto
should you make someone throw up after poisoning,Poisoning / Ingestion,howto
first aid for swallowing chemicals,Poisoning / Ingestion,howto
what to do after swallowing too many pills,Poisoning / Ingestion,howto
carbon monoxide poisoning first aid,Poisoning / Ingestion,howto
toddler ate medicine what do I do,Poisoning / Ingestion,howto
swallowed a battery what to do,Poisoning / Ingestion,howto
first aid for accidental poisoning,Poisoning / Ingestion,howto
he breathed in a lot of pesticide spray and is coughing and wheezing,Poisoning / Ingestion,contrast
my toddler licked rat poison off the floor,Poisoning / Ingestion,contrast
My teen daughter breathed in fumes and feels sick.,Poisoning / Ingestion,templated
My mom is vomiting after swallowing a chemical.,Poisoning / Ingestion,templated
My 6 year old ate wild mushrooms and is vomiting.,Poisoning / Ingestion,templated
Our newborn swallowed a dishwasher tablet.,Poisoning / Ingestion,templated
please help this lady swallowed rat poison and is drooling,Poisoning / Ingestion,templated
A woman on the bus drank lighter fluid.,Poisoning / Ingestion,templated
my toddler got into the medicine cabinet and ate pills and is drooling,Poisoning / Ingestion,templated
please this lady drank something from an unlabeled bottle,Poisoning / Ingestion,templated
My 6 year old drank bleach!,Poisoning / Ingestion,templated
My frend drank something from an unlabeled bottle.,Poisoning / Ingestion,templated
"My grndpa is vomiting after swallowing a chemical, and is drooling.",Poisoning / Ingestion,templated
what do i do my mom drank gasoline,Poisoning / Ingestion,templated
"My dad took too much tylenol, and is drooling.",Poisoning / Ingestion,templated
oh god an old man drank weed killer by accident,Poisoning / Ingestion,templated
My baby swallowed antifreeze.,Poisoning / Ingestion,templated
My 6 year old took too much tylenol.,Poisoning / Ingestion,templated
My niece ate laundry detergent.,Poisoning / Ingestion,templated
"This guy ate a poisonous plant, and is acting sleepy.",Poisoning / Ingestion,templated
"A child at school ate laundry detergent, and is acting sleepy.",Poisoning / Ingestion,templated
My aunt swallowed a dishwasher tablet.,Poisoning / Ingestion,templated
A child at school drank something from an unlabeled bottle.,Poisoning / Ingestion,templated
"A kid at the park took too much tylenol, and has stomach pain.",Poisoning / Ingestion,templated
My mom ate a lot of iron pills.,Poisoning / Ingestion,templated
"A student swallowed a dishwasher tablet, and is throwing up!",Poisoning / Ingestion,templated
"A teenager took too much tylenol, and is acting sleepy.",Poisoning / Ingestion,templated
"My 15 year old is vomiting after swallowing a chemical, and is throwing up.",Poisoning / Ingestion,templated
My teen daughter ate some berries from a bush.,Poisoning / Ingestion,templated
"My sister ate a lot of iron pills, and has stomach pain.",Poisoning / Ingestion,templated
"The driver took too much tylenol, and is throwing up.",Poisoning / Ingestion,templated
My grandpa drank bleach.,Poisoning / Ingestion,templated
an old man ate laundry detergent and is acting sleepy,Poisoning / Ingestion,templated
My niece drank bleach.,Poisoning / Ingestion,templated
"Our newborn ate a lot of iron pills, and is drooling.",Poisoning / Ingestion,templated
oh god my 8 month old swallowed rat poison,Poisoning / Ingestion,templated
"My 6 year old swallowed antifreeze, and is drooling.",Poisoning / Ingestion,templated
My girlfriend drank something from an unlabeled bottle.,Poisoning / Ingestion,templated
My partner swallowed a dishwasher tablet.,Poisoning / Ingestion,templated
A woman on the bus drank bleach.,Poisoning / Ingestion,templated
My 15 year old breathed in fumes and feels sick.,Poisoning / Ingestion,templated
"A child at school drank lighter fluid, and is throwing up.",Poisoning / Ingestion,templated
My mom took too much tylenol.,Poisoning / Ingestion,templated
My 8 month old took too much tylenol!,Poisoning / Ingestion,templated
"My baby girl ate a poisonous plant, and has stomach pain.",Poisoning / Ingestion,templated
My teen daughter drank bleach.,Poisoning / Ingestion,templated
my partner swallowed rat poison and is acting sleepy,Poisoning / Ingestion,templated
My boyfriend drank weed killer by accident!,Poisoning / Ingestion,templated
My roommate swallowed a button battery.,Poisoning / Ingestion,templated
"My mom got into the medicine cabinet and ate pills, and is acting sleepy.",Poisoning / Ingestion,templated
My uncle swallowed a dishwasher tablet.,Poisoning / Ingestion,templated
My 4 month old drank paint thinner.,Poisoning / Ingestion,templated
hurry my 6 year old drank weed killer by accident and has stomach pain,Poisoning / Ingestion,templated
"My 3 year old swallowed antifreeze, and has stomach pain!",Poisoning / Ingestion,templated
A kid at the park drank somehing from an unlabeled bottle.,Poisoning / Ingestion,templated
"A man at the store swallowed rat poison, and is throwign up.",Poisoning / Ingestion,templated
my girlfriend drank lighter fluid,Poisoning / Ingestion,templated
My friend drank something from an unlabeled bottle.,Poisoning / Ingestion,templated
The baby drank paint thinner.,Poisoning / Ingestion,templated
My baby breathed in fumes and feels sick.,Poisoning / Ingestion,templated
My brother ate some berries from a bush.,Poisoning / Ingestion,templated
My nece ate wild mushrooms and is vomiting.,Poisoning / Ingestion,templated
a kid at the park swallowed rat poison and has stomach pain,Poisoning / Ingestion,templated
help my toddler drank bleach,Poisoning / Ingestion,templated
my neighbor is vomiting after swallowing a chemical and is drooling,Poisoning / Ingestion,templated
"My grandpa drank a botlte of mouthwash and is acting drunk, and is throwing up.",Poisoning / Ingestion,templated
A child at school drank bleach.,Poisoning / Ingestion,templated
My uncle swallwed some pills that weren't theirs.,Poisoning / Ingestion,templated
My dad drank weed kiler by accident.,Poisoning / Ingestion,templated
"My little girl drank weed killer by accident, and is acting sleepy.",Poisoning / Ingestion,templated
please help my teenage son ate some berries from a bush,Poisoning / Ingestion,templated
My toddlr is vomiting after swallowing a chemical.,Poisoning / Ingestion,templated
"Seizure in progress, adult on the floor, jerking.",Seizures,handwritten
He's having an epileptic fit and bit his tongue.,Seizures,handwritten
"convulsions, body stiff then jerking",Seizures,handwritten
she fell and started convulsing,Seizures,handwritten
"Grand mal seizure, been going 3 minutes.",Seizures,handwritten
"my friend is shaking on the floor, his eyes rolled back",Seizures,handwritten
what to do during a seizure,Seizures,howto
seizure first aid steps,Seizures,howto
should you put something in their mouth during a seizure,Seizures,howto
how long is too long for a seizure,Seizures,howto
when to call 911 for a seizure,Seizures,howto
how to help someone having a fit,Seizures,howto
febrile seizure what to do,Seizures,howto
recovery position after a seizure,Seizures,howto
how to time a seizure,Seizures,howto
first aid for convulsions,Seizures,howto
"he isn't diabetic, he just fell down and started jerking all over",Seizures,contrast
she has no history of seizures but she's convulsing on the floor right now,Seizures,contrast
A man at the store is convulsing.,Seizures,templated
My father in law is foaming at the mouth and shaking.,Seizures,templated
"My husband is having a seizure, and wet themselves.",Seizures,templated
Our newborn is having a fit.,Seizures,templated
The driver bit the tongue and is shaking!,Seizures,templated
A kid at the park has arms and legs jerking rhythmically.,Seizures,templated
i don't know what to do my sister has eyes rolled back and the body is jerking,Seizures,templated
My 4 month old has been convulsing for two minutes.,Seizures,templated
this guy is shaking and drooling and won't respond,Seizures,templated
what do i do my toddler has been convulsing for two minutes,Seizures,templated
"My brother fell down and started shaking violently, and has epilepsy.",Seizures,templated
"My 9 year old is convulsing, and wet themselves.",Seizures,templated
A tenager had a febrile seizure with a high fever.,Seizures,templated
i don't know what to do the driver is convulsing,Seizures,templated
My girlfriend is foaming at the mouth and shaking.,Seizures,templated
"This guy fell down and strted shaking violently, and has epilepsy.",Seizures,templated
quick our newborn has arms and legs jerking rhythmically,Seizures,templated
A stranger on the street had a febrile seizure with a high fever.,Seizures,templated
hurry my husband went stiff and started jerking,Seizures,templated
My 15 year old fell down and started shaking violently!,Seizures,templated
My uncle fell down and strated shaking violently.,Seizures,templated
My boyfriend is foaming at the mouth and shaking.,Seizures,templated
my girlfriend is having a seizure,Seizures,templated
The infant has been convulsing for two minutes.,Seizures,templated
My uncle has epilepsy and is seizing!,Seizures,templated
"Someone here has epilepsy and is seizing, and has a fever.",Seizures,templated
my teammate fell down and started shaking violently,Seizures,templated
A man at the store has arms and legs jerking rhythmically.,Seizures,templated
My 3 year old has eyes rolled back and the body is jerking!,Seizures,templated
what do i do a kid at the park has eyes rolled back and the body is jerking,Seizures,templated
"My boyfriend is staring and the hand keeps jerking, and has epilepsy.",Seizures,templated
My son is shaking and drooling and won't respond.,Seizures,templated
My teen daughter is having a seizure!,Seizures,templated
"A patient in the waiting room has epilepsy and is seizing, and has epilepsy.",Seizures,templated
The baby bit the tongue and is shaking.,Seizures,templated
my girlfriend fell down and started shaking violently,Seizures,templated
my little girl is having a fit,Seizures,templated
My 8 month old has arms and legs jerking rhythmically.,Seizures,templated
My 15 year old is twitching all over and not responding.,Seizures,templated
my neighbor has eyes rolled back and the body is jerking and wet themselves,Seizures,templated
"My 3 year old is twitching all over and not responding, and wet themselves.",Seizures,templated
My lttle girl is twitching all over and not responding.,Seizures,templated
help my boyfriend had a febrile seizure with a high fever and wet themselves,Seizures,templated
A man at the store is having a seizure.,Seizures,templated
My son has eyes rolled back and the body is jerking.,Seizures,templated
someone here is convulsing,Seizures,templated
My wife is shaking unocntrollably on the floor.,Seizures,templated
uh my brother has arms and legs jerking rhythmically,Seizures,templated
My teenage son is shaking and drooling and won't respond!,Seizures,templated
My grandma has arms and legs jerking rhythmically.,Seizures,templated
"My uncle is havnig a fit, and has a fever.",Seizures,templated
my teammate had a febrile seizure with a high fever,Seizures,templated
"My teen daughter went stiff and started jerking, and has a fever.",Seizures,templated
A man at the store is jrking with a high temperature.,Seizures,templated
a woman on the bus is rigid and twitching and has epilepsy,Seizures,templated
My baby girl is rigid and twitching.,Seizures,templated
My toddler has arms and legs jerking rhythmically.,Seizures,templated
this lady has epilepsy and is seizing,Seizures,templated
The infant is staring and the hand keeps jerking.,Seizures,templated
Our newborn is foaming at the mouth and shaking.,Seizures,templated
"Fall from ladder, neck pain, numb legs.","Head, Neck, or Spinal Injury",handwritten
"my son fell off the trampoline and hit his head, he's confused","Head, Neck, or Spinal Injury",handwritten
she fell down the stairs and can't move her legs,"Head, Neck, or Spinal Injury",handwritten
"Head injury from a fall, vomiting and sleepy.","Head, Neck, or Spinal Injury",handwritten
"Hit his head on concrete, was unconscious for a minute.","Head, Neck, or Spinal Injury",handwritten
"possible spinal injury, fell from a tree","Head, Neck, or Spinal Injury",handwritten
how to keep someone's neck still,"Head, Neck, or Spinal Injury",howto
should you move someone with a neck injury,"Head, Neck, or Spinal Injury",howto
spinal injury first aid,"Head, Neck, or Spinal Injury",howto
how to tell if someone has a spinal injury,"Head, Neck, or Spinal Injury",howto
first aid for a head injury,"Head, Neck, or Spinal Injury",howto
concussion signs what to do,"Head, Neck, or Spinal Injury",howto
how to stabilize the head and neck,"Head, Neck, or Spinal Injury",howto
what to do after a bad fall onto the back,"Head, Neck, or Spinal Injury",howto
first aid for a suspected broken neck,"Head, Neck, or Spinal Injury",howto
head injury when to go to the er,"Head, Neck, or Spinal Injury",howto
"he fell off the ladder and hit his head, he's confused but his face looks normal","Head, Neck, or Spinal Injury",contrast
"she slipped on the stairs and hit her head hard, now she's drowsy","Head, Neck, or Spinal Injury",contrast
"My baby boy fell down the stairs and the back hurts badly, and is acting strange.","Head, Neck, or Spinal Injury",templated
A woman on the bus has tingling in the arms after a fall.,"Head, Neck, or Spinal Injury",templated
"A stranger on the street landed on the neck diving, and is acting strange.","Head, Neck, or Spinal Injury",templated
My litle boy can't move the arms after a tackle.,"Head, Neck, or Spinal Injury",templated
my grandma landed on the neck diving,"Head, Neck, or Spinal Injury",templated
My daughter hit the head and is confused!,"Head, Neck, or Spinal Injury",templated
A child at school was in a car accident and the neck hurts.,"Head, Neck, or Spinal Injury",templated
my mom hit the head and is confused,"Head, Neck, or Spinal Injury",templated
this guy has tingling in the arms after a fall,"Head, Neck, or Spinal Injury",templated
My toddler has neck pain aftr a car crash.,"Head, Neck, or Spinal Injury",templated
My 3 year old fell and hit the head hard.,"Head, Neck, or Spinal Injury",templated
A student fell from a height and can't feel the feet!,"Head, Neck, or Spinal Injury",templated
My 8 month old has a bump on the head and is dizzy.,"Head, Neck, or Spinal Injury",templated
"My partner fell down the stairs and the back hurts badly, and the neck is very sore.","Head, Neck, or Spinal Injury",templated
My teenage son was in a car accident and the neck hurts.,"Head, Neck, or Spinal Injury",templated
My aunt has tingling in the arms after a fall.,"Head, Neck, or Spinal Injury",templated
A kid at the park has neck pain after a car crash.,"Head, Neck, or Spinal Injury",templated
"My roomate hit the head on the ground and is drowsy, and the neck is very sore.","Head, Neck, or Spinal Injury",templated
"My friend hit the head in a bike crash, and is acting strange.","Head, Neck, or Spinal Injury",templated
My grandma was in a car accident and the neck hurts.,"Head, Neck, or Spinal Injury",templated
my baby boy hit the head in a bike crash,"Head, Neck, or Spinal Injury",templated
"My little boy fell and hit the head hard, and the neck is very sore.","Head, Neck, or Spinal Injury",templated
uh my little boy was in a car accident and the neck hurts and the neck is very sore,"Head, Neck, or Spinal Injury",templated
"My uncle can't move the arms after a tackle, and the neck is very sore.","Head, Neck, or Spinal Injury",templated
My teamamte has a concussion from a fall.,"Head, Neck, or Spinal Injury",templated
oh god my girlfriend can't feel the legs after a fall and the neck is very sore,"Head, Neck, or Spinal Injury",templated
"A student was knocked out after hitting the head, and the neck is very sore.","Head, Neck, or Spinal Injury",templated
"My 4 month old hit the head and is confused, and can't remember what happened.","Head, Neck, or Spinal Injury",templated
My husband fell and hit the head hard.,"Head, Neck, or Spinal Injury",templated
"My son has a bump on the head and is dizzy, and has a headache.","Head, Neck, or Spinal Injury",templated
My teammate was in a car accident and the neck hurts.,"Head, Neck, or Spinal Injury",templated
My little boy can't move the arms after a tackle.,"Head, Neck, or Spinal Injury",templated
"My little boy fell from a height and can't feel the feet, and has a headache.","Head, Neck, or Spinal Injury",templated
a man at the store was knocked out after hitting the head,"Head, Neck, or Spinal Injury",templated
"This lady has a concussion from a fall, and is acting strange.","Head, Neck, or Spinal Injury",templated
what do i do my mom has tingling in the arms after a fall,"Head, Neck, or Spinal Injury",templated
My 6 year old landed on the neck diving.,"Head, Neck, or Spinal Injury",templated
"My baby boy can't move the arms after a tackle, and the neck is very sore.","Head, Neck, or Spinal Injury",templated
"My baby fell down the stairs and the back hruts badly, and can't remember what happened.","Head, Neck, or Spinal Injury",templated
my 9 year old has neck pain after a car crash,"Head, Neck, or Spinal Injury",templated
what do i do my friend was thrown from a horse and can't move,"Head, Neck, or Spinal Injury",templated
My roommate hit the head and is confused.,"Head, Neck, or Spinal Injury",templated
The infant was knocked out after hitting the head.,"Head, Neck, or Spinal Injury",templated
"My uncle has a bump on the head and is dizzy, and the neck is very sore.","Head, Neck, or Spinal Injury",templated
A customer fell from a height and can't feel the feet!,"Head, Neck, or Spinal Injury",templated
"My toddler has tingling in the arms aftre a fall, and the neck is very sore.","Head, Neck, or Spinal Injury",templated
My son has a head injury and is vomiting!,"Head, Neck, or Spinal Injury",templated
"A kid at the park was thrown from a hrose and can't move, and is acting strange.","Head, Neck, or Spinal Injury",templated
My dad can't move the arms after a tackle.,"Head, Neck, or Spinal Injury",templated
My nephew has neck pain after a car crash.,"Head, Neck, or Spinal Injury",templated
my baby boy fell and hit the head hard,"Head, Neck, or Spinal Injury",templated
i don't know what to do my 6 year old landed on the neck diving and has a headache,"Head, Neck, or Spinal Injury",templated
"My 6 year old has neck pain after a car crash, and is acting strange.","Head, Neck, or Spinal Injury",templated
My uncle was knocked out after hitting the head!,"Head, Neck, or Spinal Injury",templated
"My son can't feel the legs after a fall, and is acting strange.","Head, Neck, or Spinal Injury",templated
My brother can't feel the legs after a fall!,"Head, Neck, or Spinal Injury",templated
My mom has a concussion from a fall.,"Head, Neck, or Spinal Injury",templated
"A student hit the head and is confused, and the neck is very sore.","Head, Neck, or Spinal Injury",templated
A customer has neck pain aftr a car crash.,"Head, Neck, or Spinal Injury",templated
um my friend was knocked out after hitting the head and can't remember what happened,"Head, Neck, or Spinal Injury",templated
"My baby boy fell from a height and can't feel the feet, and is acting strange.","Head, Neck, or Spinal Injury",templated
"My girlfriend has tingling in the arms after a fall, and can't remember what happened.","Head, Neck, or Spinal Injury",templated
"A stranger on the street fell from a height and can't feel the feet, and can't remember what happened.","Head, Neck, or Spinal Injury",templated
A customer has a head injury and is vomiting.,"Head, Neck, or Spinal Injury",templated
"My uncle has tingling in the arms after a fall, and can't remember what happened.","Head, Neck, or Spinal Injury",templated
What should be in a first aid kit?,Out of scope,handwritten
How often should I renew my CPR certification?,Out of scope,handwritten
Where can I take a first aid class?,Out of scope,handwritten
Is it normal for a bruise to turn yellow?,Out of scope,handwritten
My cat scratched me a little.,Out of scope,handwritten
How long should I boil an egg?,Out of scope,handwritten
what's the best sunscreen for kids,Out of scope,handwritten
How do I clean a small scrape?,Out of scope,handwritten
my kid has a loose tooth,Out of scope,handwritten
Can you tell me the symptoms of the flu?,Out of scope,handwritten
I bumped my elbow and it tingled for a second.,Out of scope,handwritten
how much water should i drink a day,Out of scope,handwritten
"My grandpa has a bit of heartburn aftr dinner, just wondering.",Out of scope,templated
a child at school has a bit of heartburn after dinner,Out of scope,templated
My son has a mild fever.,Out of scope,templated
My wife has a mosquito bite that itches.,Out of scope,templated
"This guy has a scraped knee, but othrwise seems fine.",Out of scope,templated
my neighbor has a mild rash on the arm,Out of scope,templated
my daughter has a toothache,Out of scope,templated
the baby has a stiff neck from sleeping wrong,Out of scope,templated
My brother can't sleep.,Out of scope,templated
The infant has a mild rash on the arm.,Out of scope,templated
A stranger on the stret has a mild rash on the arm.,Out of scope,templated
A customer can't sleep.,Out of scope,templated
"My 6 year old has hiccups, it's been a couple of days.",Out of scope,templated
"My aunt has a bit of heartburn after dinner, nothing serious.",Out of scope,templated
my baby can't sleep,Out of scope,templated
"My friend has a mosquito bite that itches, but otherwise seems fine.",Out of scope,templated
"Our newborn has hiccups, just wondering.",Out of scope,templated
My 15 year old can't sleep.,Out of scope,templated
please help my teen daughter has a stiff neck from sleeping wrong nothing serious,Out of scope,templated
a customer has a small bruise on the leg,Out of scope,templated
"The driver has a scraped knee, but otherwise seems fine.",Out of scope,templated
My friend has a mosuqito bite that itches.,Out of scope,templated
My sister has a cold sore.,Out of scope,templated
"A child at school has a toothache, just wondering.",Out of scope,templated
uh the infant has a stomach ache,Out of scope,templated
"A man at the store has a toothache, it's been a copule of days.",Out of scope,templated
"My grandma has a sprained wrist, but otherwise seems fine.",Out of scope,templated
Someone here can't sleep!,Out of scope,templated
my teen daughter has a bit of heartburn after dinner it's been a couple of days,Out of scope,templated
"The ifnant has a pulled muscle, just wondering.",Out of scope,templated
An old man has a toothache.,Out of scope,templated
A teenager has an earache.,Out of scope,templated
My aunt has a sore throat.,Out of scope,templated
my baby boy has a mild rash on the arm just wondering,Out of scope,templated
An old man has a scraped knee.,Out of scope,templated
My 4 month old feels tired.,Out of scope,templated
My aunt has a blister from new shoes.,Out of scope,templated
This guy has a mild rash on the arm.,Out of scope,templated
the driver has hiccups nothing serious,Out of scope,templated
My nice stubbed a toe.,Out of scope,templated
my mom has an earache it's been a couple of days,Out of scope,templated
what do i do my grandpa can't sleep,Out of scope,templated
A stuednt has a pulled muscle.,Out of scope,templated
My teen daughter has a small bruise on the leg.,Out of scope,templated
My son has a cough from a cold.,Out of scope,templated
My little girl has a mosquito bite that itches.,Out of scope,templated
My partner has a mild rash on the arm!,Out of scope,templated
My boyrfiend can't sleep.,Out of scope,templated
my mom has a blister from new shoes,Out of scope,templated
"This guy has a scraped knee, just wondering.",Out of scope,templated
My daughter has a cough from a cold.,Out of scope,templated
"A coworker has a stomach ache, but othrewise seems fine.",Out of scope,templated
a child at school has a pulled muscle,Out of scope,templated
"My baby boy has a cold sore, just wondering.",Out of scope,templated
The infant stubbed a toe!,Out of scope,templated
An old man has a blister from new shoes.,Out of scope,templated
A patient in the waiting room has dry eyes.,Out of scope,templated
Our newborn has a mild rash on the arm.,Out of scope,templated
"My 6 year old can't sleep, it's been a couple of days.",Out of scope,templated
My neighbor has a stmoach ache.,Out of scope,templated
"A woman on the bus feels tired, just wondering.",Out of scope,templated
help my father in law has a pulled muscle,Out of scope,templated
"A child at shcool has a cold sore, but otherwise seems fine.",Out of scope,templated
My aunt has a mosqutio bite that itches.,Out of scope,templated
please help a kid at the park has a cough from a cold nothing serious,Out of scope,templated
"My wife has a cough from a cold, it's been a couple of days.",Out of scope,templated
My husband just collapsed on the living room floor and I think his heart stopped,Cardiac Arrest,prototype-ours
My dad went down in the driveway and he's doing slow gasping breaths every few seconds but won't wake up,Cardiac Arrest,prototype-ours
"Older man at the gym dropped off the treadmill, he's not responding and his lips are turning gray",Cardiac Arrest,prototype-ours
"My grandpa is diabetic and he just went limp in his chair, no breathing and no pulse",Cardiac Arrest,prototype-ours
Is this cardiac arrest? A woman fainted in line at the bank and she isn't breathing,Cardiac Arrest,prototype-ours
My 6 year old collapsed at soccer practice and he isn't breathing,Cardiac Arrest,prototype-ours
my daughters 4 shes limp and not breathin and wont answer me pls,Cardiac Arrest,prototype-ours
How do I do CPR on a 9 year old whose heart stopped,Cardiac Arrest,prototype-ours
"My 8 year old has epilepsy but she isn't shaking, she just collapsed and isn't breathing and has no pulse",Cardiac Arrest,prototype-ours
"Our toddler, about 2, is floppy and blue and there's no heartbeat I can feel",Cardiac Arrest,prototype-ours
"Kid at the birthday party, maybe 8, just keeled over and isn't breathing",Cardiac Arrest,prototype-ours
i think my sons hart stopped hes 5 hes not moving or breathing,Cardiac Arrest,prototype-ours
"10 year old in PE class dropped to the floor, not breathing, and the teacher can't find a pulse",Cardiac Arrest,prototype-ours
"Found my baby in her crib blue and limp, she's not breathing",Cardiac Arrest,prototype-ours
"How do I give CPR to my 6 month old, I think his heart stopped",Cardiac Arrest,prototype-ours
my newborn is grey and floppy and not breathin help me,Cardiac Arrest,prototype-ours
"Babysitting a 5 month old and he's completely unresponsive, his chest isn't moving",Cardiac Arrest,prototype-ours
"Infant cardiac arrest steps please, she's 9 months old and has no pulse",Cardiac Arrest,prototype-ours
baby 8 months not breathing wont respond to anything i tried tapping his feet,Cardiac Arrest,prototype-ours
Someone just collapsed in the grocery store aisle and isn't breathing,Cardiac Arrest,prototype-ours
person on the sidewalk has no pulse and there chest isnt moving what do i do,Cardiac Arrest,prototype-ours
"I think their heart stopped, they're not responding and only gasping every now and then",Cardiac Arrest,prototype-ours
My friend passed out and now there's no heartbeat,Cardiac Arrest,prototype-ours
"I think my toddler drowned in the bathtub, she's not breathing",Cardiac Arrest (Drowning),prototype-ours
"Pulled a man out of the lake, he's unresponsive and not breathing",Cardiac Arrest (Drowning),prototype-ours
drowning at the beach lifeguard not here girl isnt breathing after we got her out,Cardiac Arrest (Drowning),prototype-ours
"I turned around for a minute and my 7 month old was face down in the bath water, now he's limp and not breathing",Cardiac Arrest (Drowning),prototype-ours
"Near drowning at the lake, my friend was underwater and now is only gasping and not responding",Cardiac Arrest (Drowning),prototype-ours
my dad went under while swimming laps we got him out and hes not breathing no pulse,Cardiac Arrest (Drowning),prototype-ours
"Kid was face down in the wave pool, lifeguard pulled him out and he's not responding or breathing",Cardiac Arrest (Drowning),prototype-ours
What do I do for a drowning victim who isn't breathing? We just got her onto the dock,Cardiac Arrest (Drowning),prototype-ours
"My diabetic brother went low while swimming and slipped under, we pulled him out and he's not breathing",Cardiac Arrest (Drowning),prototype-ours
"She was drinking at the pool party and fell in, now she's out of the water but unresponsive and not breathing",Cardiac Arrest (Drowning),prototype-ours
baby fell in the pool um we got her out shes not breathing shes so cold,Cardiac Arrest (Drowning),prototype-ours
"Swimmer got pulled from the river after going under, no breathing and no heartbeat",Cardiac Arrest (Drowning),prototype-ours
"My 10 year old got stuck under the dock float, we got him up and he won't breathe",Cardiac Arrest (Drowning),prototype-ours
"Our 11 month old crawled into the kiddie pool and was face down, now she's blue and not breathing",Cardiac Arrest (Drowning),prototype-ours
"Grandma slipped into the pool and was underwater, now she's lying on the deck not breathing",Cardiac Arrest (Drowning),prototype-ours
drowned kid at the lake not breathing how many rescue breaths do i give first,Cardiac Arrest (Drowning),prototype-ours
"Surfer washed up unconscious and gasping, we dragged him out of the water",Cardiac Arrest (Drowning),prototype-ours
someone jumped off the rocks at the quarry and didnt come up for a while now we got him out but hes not breathin,Cardiac Arrest (Drowning),prototype-ours
"Husband says his jaw and chest ache and he's cold and clammy, he's still awake and talking",Heart Attack,prototype-ours
coworker grabbed his chest and sat down hes pale sweaty and says he feels like throwing up,Heart Attack,prototype-ours
Heart attack symptoms in my mom? She has tightness in her chest and can't catch her breath,Heart Attack,prototype-ours
i think im having a heart attack chest is crushing and my arm is numb,Heart Attack,prototype-ours
Heavy pressure in my chest for twenty minutes now and I'm breaking out in a cold sweat,Heart Attack,prototype-ours
"He's diabetic and his sugar is normal, but he says his chest feels crushed and the pain runs down his left arm",Heart Attack,prototype-ours
"We thought it was food poisoning since he's nauseous, but now he's gripping his chest and sweating through his shirt",Heart Attack,prototype-ours
"My mom had a stroke years ago, but her face and speech are fine, she says her chest is tight and her left shoulder aches",Heart Attack,prototype-ours
"Grandpa is sitting on the porch pale and gray, says he feels an awful pressure behind his breastbone",Heart Attack,prototype-ours
my boyfriend says his chest hurts real bad and hes short of breath and sweating like crazy,Heart Attack,prototype-ours
"Could this be a heart attack? My wife's got pain between her shoulder blades, nausea, and she's really short of breath",Heart Attack,prototype-ours
"Middle-aged guy at the hardware store is leaning on a shelf holding his chest, says it feels like a vise",Heart Attack,prototype-ours
tight chest pain going up into my neck feel dizzy and sick um should i call 911,Heart Attack,prototype-ours
"Chest pain that started while shoveling snow, now he's sweaty and breathing fast but still talking to me",Heart Attack,prototype-ours
we think grandma is having a hart attack shes holding her chest and says her arm hurts,Heart Attack,prototype-ours
"Suspected heart attack in my coworker, he's conscious but in a lot of chest pain, should I give aspirin",Heart Attack,prototype-ours
"My brother's chest has been aching for half an hour, he's pale, nauseous and his left arm feels heavy",Heart Attack,prototype-ours
"Man on the bus is pressing his fist to his chest, sweating, and says he can't get a full breath",Heart Attack,prototype-ours
My husband is choking on a piece of steak and can't breathe,Choking,prototype-ours
my dad swallowed a chunk of apple wrong and cant talk or cough his face is going red,Choking,prototype-ours
"My coworker inhaled a peanut the wrong way and now she can't speak or cough, just clutching her throat",Choking,prototype-ours
"My grandma is diabetic and was sucking on a hard candy to bring her sugar up, now it's stuck and she can't breathe or talk",Choking,prototype-ours
"Old man at the diner is turning blue and can't get any air in, he was eating a sandwich",Choking,prototype-ours
"I think my daughter is choking, she's 4 and can't breathe after eating popcorn",Choking,prototype-ours
"8 year old son swallowed a hard candy wrong, he can't cough or talk and keeps pointing at his throat",Choking,prototype-ours
kid at lunch table grabbing his neck cant talk hes turning purple help,Choking,prototype-ours
"My 9 year old was laughing with a mouth full of chips and now he's silent, eyes huge, no air going in",Choking,prototype-ours
Baby grabbed a piece of cereal off the floor and now she's silent and turning blue,Choking,prototype-ours
"10 month old gagged on a blueberry and now she's making no sound, just silent gasping",Choking,prototype-ours
"My 7 month old was chewing a toy and a piece broke off, now he's going pale and can't make a noise",Choking,prototype-ours
baby cant cry or cough her face is going blue i think she swallowed a bead,Choking,prototype-ours
Our 11 month old is trying to cough but nothing comes out and his lips are dusky after eating a cracker,Choking,prototype-ours
My 4 month old's big brother gave her a piece of popcorn and now she can't breathe or cry,Choking,prototype-ours
um my babys choking on a grape i think its stuck hes not crying at all,Choking,prototype-ours
Someone at the restaurant is choking and can't breathe,Choking,prototype-ours
person grabbing there throat at the food court no sound coming out,Choking,prototype-ours
My son is having a severe allergic reaction to peanuts and his lips are swelling,Anaphylaxis,prototype-ours
Ate some shrimp at dinner and now her lips are puffing up and she's wheezing,Anaphylaxis,prototype-ours
My wife's face is swelling up and she's covered in hives after trying a new curry,Anaphylaxis,prototype-ours
Took a new antibiotic an hour ago and now her tongue is swelling and she's itchy all over,Anaphylaxis,prototype-ours
"Coworker bit into a granola bar, now his eyes are swelling shut and he's wheezing",Anaphylaxis,prototype-ours
"She says it feels like she's choking but nothing's stuck, her lips are ballooning after the peanut sauce",Anaphylaxis,prototype-ours
"Severe allergic reaction to a bee sting, hives everywhere and he's getting dizzy",Anaphylaxis,prototype-ours
"My 4 year old had a bite of egg and now she's covered in welts, coughing, and her voice sounds hoarse",Anaphylaxis,prototype-ours
"Friend ate a brownie with hazelnuts, now she can barely swallow and her neck is all blotchy",Anaphylaxis,prototype-ours
"After lunch my 9 year old started itching everywhere, then his face puffed up and he's struggling to breathe",Anaphylaxis,prototype-ours
Toddler ate some peanut butter at daycare and now has big red bumps all over and is breathing fast and noisy,Anaphylaxis,prototype-ours
um my girlfriend ate sushi and now her face is like swollen and she says she cant swallow,Anaphylaxis,prototype-ours
Just ate a kiwi and my tongue and throat are swelling and I feel faint,Anaphylaxis,prototype-ours
"Man at the picnic had a crab cake and now he's wheezing, his face is swollen, and he almost passed out",Anaphylaxis,prototype-ours
hives all over her and her lips r swollen after eating pecans shes gasping,Anaphylaxis,prototype-ours
My baby tried scrambled egg for the first time and now her face is swelling and she's wheezing,Anaphylaxis,prototype-ours
"My diabetic son is shaky and sweaty, I think his blood sugar is low",Diabetic Emergency,prototype-ours
"I'm type 1 and I'm shaking, sweating and can't think straight",Diabetic Emergency,prototype-ours
"My husband took his insulin and skipped lunch, now he's pale, clammy and snapping at everyone",Diabetic Emergency,prototype-ours
low blood sugar help my grandma is diabetic and shes trembling and confused but awake,Diabetic Emergency,prototype-ours
Diabetic coworker is sweating buckets and says he's starving and dizzy,Diabetic Emergency,prototype-ours
"What do I give someone having a hypoglycemic episode, they're still awake and talking",Diabetic Emergency,prototype-ours
"My 10 year old has type 1 and is suddenly cranky, pale and her hands are shaking",Diabetic Emergency,prototype-ours
"She's slurring her words like a stroke, but she's diabetic and her meter just read 48",Diabetic Emergency,prototype-ours
"My diabetic brother is sweaty and acting drunk but hasn't had a drop to drink, he's still talking to us",Diabetic Emergency,prototype-ours
"Took her insulin then threw up breakfast, now she's trembling and foggy but still answering questions",Diabetic Emergency,prototype-ours
dad is diabetic and hes super shaky and grumpy and sweating he says he feels low,Diabetic Emergency,prototype-ours
Sugar crash? My diabetic wife is pale and weak and her heart is racing,Diabetic Emergency,prototype-ours
"Runner at the race says she's diabetic, she's wobbly, drenched in sweat and not making much sense",Diabetic Emergency,prototype-ours
My type 1 daughter went to soccer without a snack and now she's shaky and irritable,Diabetic Emergency,prototype-ours
um im diabetic and im really shaky and hungry and my heart is pounding what should i eat,Diabetic Emergency,prototype-ours
"Grandpa's diabetic and missed dinner, now he's sweaty, pale and keeps asking the same question, but he's awake",Diabetic Emergency,prototype-ours
"My diabetic friend is having a low, she's conscious, what do I give her",Diabetic Emergency,prototype-ours
diabetic kid in my class is shakin and pale says he feels weird and hungry,Diabetic Emergency,prototype-ours
"Type 1 roommate is jittery, sweaty and super irritable after a long workout, still talking",Diabetic Emergency,prototype-ours
my mom has diabetes shes confused and sweaty and her hands wont stop shaking can she have juice,Diabetic Emergency,prototype-ours
"My diabetic husband woke up drenched in sweat, shaky and not making sense, but he's awake and can swallow",Diabetic Emergency,prototype-ours
"My uncle's on insulin and got shaky and pale while mowing the lawn, now he's asking for something sweet",Diabetic Emergency,prototype-ours
"I think my mom is having a stroke, the left side of her face is drooping",Stroke,prototype-ours
Dad's words are coming out slurred and he can't lift his right arm,Stroke,prototype-ours
Coworker suddenly can't understand what I'm saying and her right hand went limp,Stroke,prototype-ours
Stroke signs? My wife's smile is crooked and her left arm keeps drifting down,Stroke,prototype-ours
"He had two beers but this isn't drunk, the right side of his face is sagging and he can't lift that arm",Stroke,prototype-ours
Woke up and the whole left side of my body feels numb and my face feels heavy on that side,Stroke,prototype-ours
"Aunt was talking normally, then out of nowhere her speech turned to gibberish and she's leaning to one side",Stroke,prototype-ours
stroke i think my uncle cant move his left leg and his mouth is crooked,Stroke,prototype-ours
"Old man in the waiting room suddenly lost his balance, one eye droopy, can't get a sentence out",Stroke,prototype-ours
What do I do for a stroke? My grandma is confused and one arm is dead weight,Stroke,prototype-ours
my wife is like talking weird and her face looks uneven it just started like five minutes ago,Stroke,prototype-ours
"Brother is 45 and suddenly can't walk straight, his vision is doubled and his speech is slurred",Stroke,prototype-ours
um my neighbor her face is like drooping and she keeps dropping her coffee cup,Stroke,prototype-ours
"I think I'm having a stroke, my right arm and leg just went weak and my speech sounds off",Stroke,prototype-ours
"My sister, 52, suddenly doesn't recognize her own kitchen and her face is uneven on the left",Stroke,prototype-ours
Lady at the checkout started slurring and her arm dropped when she tried to pay,Stroke,prototype-ours
my dads left side just went weak and hes not making sense does the time it started matter,Stroke,prototype-ours
"I think my roommate overdosed on fentanyl, he's barely breathing. Where do I spray the Narcan?",Opioid Overdose,prototype-ours
"My brother is ODing on heroin right now, what do I do",Opioid Overdose,prototype-ours
How do you give naloxone to someone who overdosed on oxycodone?,Opioid Overdose,prototype-ours
"Opioid overdose at the bus stop, a man is slumped over and not responding",Opioid Overdose,prototype-ours
"My husband took way too much of his pain medication, I think it's an opioid overdose, his lips are blue",Opioid Overdose,prototype-ours
Her pupils are tiny pinpoints and she's only taking a breath every few seconds,Opioid Overdose,prototype-ours
"My dad takes oxycodone for his back and now he's gray, limp, and his breathing is super slow",Opioid Overdose,prototype-ours
"Guy in the stairwell with burnt foil and a straw next to him, lips purple, won't respond when I shake him",Opioid Overdose,prototype-ours
My girlfriend took a pressed Percocet from a friend and now she's gurgling and won't wake up,Opioid Overdose,prototype-ours
He nodded off right after shooting up and now his fingernails are turning blue,Opioid Overdose,prototype-ours
Grandma accidentally put on two fentanyl patches and she's so sleepy she can barely breathe,Opioid Overdose,prototype-ours
um my friend took like a bunch of perc 30s and hes not waking up do i use the nar can,Opioid Overdose,prototype-ours
hes turning blue n barly breathing after using fenta nil pls help,Opioid Overdose,prototype-ours
how do i use the narcan nose spray on a stranger thats oding on the sidewalk,Opioid Overdose,prototype-ours
my boyfriend did heroine and his lips r purple and hes making this gurgle noise,Opioid Overdose,prototype-ours
overdose on opiods not breathing good pin point pupils what do i do,Opioid Overdose,prototype-ours
Found my sister with the tourniquet band still tied on her arm and she's barely breathing,Opioid Overdose,prototype-ours
"It sounds like he's choking on his own snoring, he shot up an hour ago and his lips are gray",Opioid Overdose,prototype-ours
"My coworker is bleeding heavily from his thigh after a saw accident, how do I stop it?",Severe Bleeding,prototype-ours
How do I put a tourniquet on someone who's bleeding out from their arm?,Severe Bleeding,prototype-ours
She's hemorrhaging from a gash in her leg and has soaked through three towels,Severe Bleeding,prototype-ours
My son is bleeding really badly from his leg after stepping on a broken bottle and it won't stop,Severe Bleeding,prototype-ours
"Blood is spurting out of his wrist in pulses, every time his heart beats",Severe Bleeding,prototype-ours
The chainsaw kicked back into my dad's leg and there's a puddle of blood under him,Severe Bleeding,prototype-ours
My wife sliced her hand on a mandoline and it's dripping through the dish towel faster than I can wrap it,Severe Bleeding,prototype-ours
"Kid put his arm through a glass window, deep cut above the elbow and it's gushing",Severe Bleeding,prototype-ours
A man got stabbed in the groin outside the bar and dark blood keeps welling up no matter how hard I press,Severe Bleeding,prototype-ours
Her jeans are soaked red from a cut on her calf and she's getting pale and cold,Severe Bleeding,prototype-ours
I cut my leg with a box cutter at work and blood is squirting across the floor,Severe Bleeding,prototype-ours
"A shard from a dropped glass went into her foot, the bathroom floor is covered in blood and it keeps coming",Severe Bleeding,prototype-ours
There's a deep gash in his armpit from the metal fence and I can't get the blood to slow down,Severe Bleeding,prototype-ours
blood wont stop coming out his leg its soaking everything how do i do a tourna kit,Severe Bleeding,prototype-ours
um my uncle cut his arm on the table saw theres blood like spraying everywhere,Severe Bleeding,prototype-ours
shes bleeding really bad from her thigh i pressed a towel on it and its soaked threw,Severe Bleeding,prototype-ours
deep cut on hand from broken jar blood gushing cant make it stop,Severe Bleeding,prototype-ours
My diabetic dad dropped a mirror on his foot and the cut is pouring blood all over the floor,Severe Bleeding,prototype-ours
"He sliced his thigh on sheet metal, blood is pooling under him and now he's pale, sweaty and his heart is racing",Severe Bleeding,prototype-ours
"I got a chemical splashed in my eye at work, how long should I rinse it?",Burns (Chemical to Eye),prototype-ours
"Chemical burn to the eye from drain cleaner, what's the first aid?",Burns (Chemical to Eye),prototype-ours
How do I flush a chemical out of my son's eyes?,Burns (Chemical to Eye),prototype-ours
"My husband got battery acid in his eye, is that a chemical eye burn?",Burns (Chemical to Eye),prototype-ours
Oven cleaner sprayed back at me and now my right eye stings and I can't keep it open,Burns (Chemical to Eye),prototype-ours
My toddler squirted dish soap into his eyes and is screaming and rubbing them,Burns (Chemical to Eye),prototype-ours
"Grandma used nail polish remover thinking it was her eye drops, and now her eye is red and watering",Burns (Chemical to Eye),prototype-ours
Hair relaxer dripped into her eye at the salon and she says everything's blurry,Burns (Chemical to Eye),prototype-ours
Car battery popped while he was jumping it and something splashed right into his eye,Burns (Chemical to Eye),prototype-ours
My 6 year old sprayed the bathroom cleaner at his face and says his eye really hurts,Burns (Chemical to Eye),prototype-ours
"Brake fluid squirted in my eye under the car, it stings like crazy and won't stop watering",Burns (Chemical to Eye),prototype-ours
My coworker got hit in the face with floor stripper spray and can't open either eye,Burns (Chemical to Eye),prototype-ours
got clorox in my i while cleaning how long do i rinse it,Burns (Chemical to Eye),prototype-ours
um my kid sprayed windex in his eyes hes screaming what do i do,Burns (Chemical to Eye),prototype-ours
chemical splash in eye at work its burning cant open it help,Burns (Chemical to Eye),prototype-ours
sum acid got in my wifes eye in the lab shes crying and it really hurts,Burns (Chemical to Eye),prototype-ours
lime powder blew in his eyes at the job site there red and teary do we flush it,Burns (Chemical to Eye),prototype-ours
Bleach splashed up into my daughter's eye while she was scrubbing the tub,Burns (Chemical to Eye),prototype-ours
He was adding shock powder to the pool and the wind blew it right into his eyes,Burns (Chemical to Eye),prototype-ours
"Cleaning the grill with degreaser and it sprayed back into my eye, feels like it's on fire",Burns (Chemical to Eye),prototype-ours
"I burned my arm pulling a tray out of the oven, how should I treat the burn?",Burns (Thermal),prototype-ours
How do you treat a second degree burn from boiling water?,Burns (Thermal),prototype-ours
My toddler got a scald burn from a tipped-over mug of tea,Burns (Thermal),prototype-ours
"Kitchen grease fire burned my husband's arms, is it a third degree burn if the skin looks white?",Burns (Thermal),prototype-ours
"Burned my palm grabbing a hot pan handle, should I put ice on it?",Burns (Thermal),prototype-ours
He grabbed the dirt bike exhaust pipe and now there's a huge blister across his palm,Burns (Thermal),prototype-ours
"My wife's sleeve caught on the gas burner, we put it out but her forearm is bright red and bubbling",Burns (Thermal),prototype-ours
Steam from the radiator cap blasted my dad's hand and it's all red and swelling,Burns (Thermal),prototype-ours
The campfire log rolled onto her foot and the skin on top looks charred,Burns (Thermal),prototype-ours
Bathwater was way too hot and my 10 month old's feet are bright red with blisters,Burns (Thermal),prototype-ours
Fryer oil splashed across the cook's forearm at the restaurant and big blisters are already forming,Burns (Thermal),prototype-ours
Grandpa fell asleep with the heating pad on his leg and now there's a white leathery patch,Burns (Thermal),prototype-ours
um hot oil from the pan got all over my arm and its like bubbling up,Burns (Thermal),prototype-ours
my daughter pulled the kettle down on herself boiling water on her chest shes screaming,Burns (Thermal),prototype-ours
he got burned by the grill flames his hand is all white and it doesnt even hurt,Burns (Thermal),prototype-ours
i spilled hot tea in my lap its red n blistering what do i do,Burns (Thermal),prototype-ours
"Hot grease spattered onto her cheek just under her eye, the eye is fine but the skin is blistering",Burns (Thermal),prototype-ours
Hot roofing tar splashed onto his arm and it's stuck to the skin,Burns (Thermal),prototype-ours
In chemistry class a Bunsen burner caught her hair and scorched the back of her neck,Burns (Thermal),prototype-ours
"I think my toddler was poisoned, he bit into one of the laundry pods",Poisoning / Ingestion,prototype-ours
"Possible poisoning, my grandma drank lamp oil she mistook for juice",Poisoning / Ingestion,prototype-ours
"My son ate berries off a bush in the yard, could he be poisoned?",Poisoning / Ingestion,prototype-ours
"My 3 year old got into the medicine cabinet and chewed a bunch of iron pills, now she's vomiting",Poisoning / Ingestion,prototype-ours
Found my 18 month old holding an open bottle of lighter fluid and his breath smells like it,Poisoning / Ingestion,prototype-ours
My daughter ate some mushrooms she picked in the woods and she's throwing up,Poisoning / Ingestion,prototype-ours
Coworker took a swig of antifreeze that someone stored in an old soda bottle,Poisoning / Ingestion,prototype-ours
Grandpa took his blood pressure pills twice this morning by mistake and now he feels lightheaded,Poisoning / Ingestion,prototype-ours
My toddler has blue stuff around her mouth and the toilet bowl cleaner cap is off,Poisoning / Ingestion,prototype-ours
My 5 year old ate about twenty of his sister's gummy vitamins,Poisoning / Ingestion,prototype-ours
I accidentally swallowed some dishwasher detergent and my mouth and throat are burning,Poisoning / Ingestion,prototype-ours
um my 2 yr old drank some of the bleach water from the mop bucket what do i do,Poisoning / Ingestion,prototype-ours
my kid chewed on the leaves of our oleander bush and now hes throwin up,Poisoning / Ingestion,prototype-ours
he drank gasoline by accident siphoning the car and now he feels real sick,Poisoning / Ingestion,prototype-ours
poisen control number my son swallowed a bunch of his adhd pills,Poisoning / Ingestion,prototype-ours
grandma drank the pine sol thinkin it was lemonade shes vomiting,Poisoning / Ingestion,prototype-ours
My toddler drank some drain cleaner and now there are burns around his lips,Poisoning / Ingestion,prototype-ours
My 4 year old ate some of grandma's diabetes pills off the counter,Poisoning / Ingestion,prototype-ours
"I think my roommate overdosed on Tylenol, she took the whole bottle an hour ago",Poisoning / Ingestion,prototype-ours
"My husband is having a seizure, he's shaking all over on the kitchen floor",Seizures,prototype-ours
What do I do when someone has a grand mal seizure in public?,Seizures,prototype-ours
"My 2 year old is having a febrile seizure, his fever was 103 and he started jerking",Seizures,prototype-ours
My epileptic coworker just started convulsing at her desk,Seizures,prototype-ours
"She's been seizing for about three minutes, when do I call 911?",Seizures,prototype-ours
She's on the floor twitching and there's drool running down her chin,Seizures,prototype-ours
A guy on the train slid out of his seat and is thrashing with foam at his mouth,Seizures,prototype-ours
"My wife is lying on her back jerking uncontrollably and making grunting noises, it's been two minutes",Seizures,prototype-ours
"My friend's jaw is clenched, she's jerking all over and doesn't respond to her name",Seizures,prototype-ours
His whole body was jerking for two minutes and now it's stopped but he's groggy and breathing heavy,Seizures,prototype-ours
My roommate is on the floor with her limbs twitching and she just wet herself,Seizures,prototype-ours
my son is having a see sure what do i do hes shaking,Seizures,prototype-ours
um she fell n her body is like jerking and shaking and her eyes are rolling back,Seizures,prototype-ours
my wife is epa leptic and she started having convulsions in the passenger seat,Seizures,prototype-ours
should i put somethin in his mouth hes shaking all over and bit his tung,Seizures,prototype-ours
my 7 mo old has fever 104 n her body keeps twitching its been 6 min,Seizures,prototype-ours
"My daughter went stiff and started jerking, and her lips are turning a little blue",Seizures,prototype-ours
My mom fell down the stairs and I'm scared she broke her neck,"Head, Neck, or Spinal Injury",prototype-ours
"Grandpa missed a step on the deck, landed flat on his back, and now says his legs feel numb","Head, Neck, or Spinal Injury",prototype-ours
"My 7 year old flew over her bike handlebars, smacked her head, and keeps asking the same questions","Head, Neck, or Spinal Injury",prototype-ours
"Guy got knocked off his motorcycle, he's awake but says his neck really hurts and he can't turn it","Head, Neck, or Spinal Injury",prototype-ours
"My friend fell out of a tree and he's lying still, saying his back hurts too much to move","Head, Neck, or Spinal Injury",prototype-ours
"She got thrown from the horse and hit her head hard, now she's dizzy and can't remember falling","Head, Neck, or Spinal Injury",prototype-ours
We got rear-ended at a red light and my wife says her neck hurts and her fingers are tingling,"Head, Neck, or Spinal Injury",prototype-ours
My 6 month old rolled off the bed onto the hardwood floor and now she's unusually sleepy,"Head, Neck, or Spinal Injury",prototype-ours
A worker fell about fifteen feet from the scaffolding and isn't moving but he's breathing,"Head, Neck, or Spinal Injury",prototype-ours
my son fell off the trampoline landed on his neck n says his hands are numb,"Head, Neck, or Spinal Injury",prototype-ours
um she hit her head really hard on the garage floor and now shes confused and like throwing up,"Head, Neck, or Spinal Injury",prototype-ours
car crash my dad cant move his legs should i pull him out of the car,"Head, Neck, or Spinal Injury",prototype-ours
i think he has a concusion he fell off the bleachers and hes real dizzy,"Head, Neck, or Spinal Injury",prototype-ours
helmet still on after dirt bike wreck he says his back n neck hurt do i take it off,"Head, Neck, or Spinal Injury",prototype-ours
"My 5 year old fell off the monkey bars, hit her head, and has thrown up twice and is really drowsy","Head, Neck, or Spinal Injury",prototype-ours
A rattlesnake bit my husband on the ankle while we were hiking,Out of scope,prototype-ours
"Our dog bit my 6 year old's hand, a couple of puncture marks but it's barely bleeding",Out of scope,prototype-ours
My nosebleed has been going for fifteen minutes and won't stop,Out of scope,prototype-ours
We were stuck in the snow for hours and my dad is shivering nonstop and mumbling,Out of scope,prototype-ours
"My son's fingertips are white, hard and waxy after sledding all afternoon",Out of scope,prototype-ours
My daughter's asthma is flaring after track practice and her inhaler isn't helping much,Out of scope,prototype-ours
"He fell off his bike onto his hand and his wrist is bent at a weird angle, he didn't hit his head",Out of scope,prototype-ours
my son grabbed a frayed extention cord and got shocked hes awake but his hand feels weird,Out of scope,prototype-ours
"A tiny sliver of metal flew into my eye while I was grinding, feels like something's stuck under the lid",Out of scope,prototype-ours
"My son knocked out a permanent front tooth on the trampoline, what do I do with the tooth?",Out of scope,prototype-ours
fish hook went strait through my thumb how do i get it out,Out of scope,prototype-ours
"Got stung by a jellyfish at the beach, red whip marks on my leg that burn",Out of scope,prototype-ours
A black widow bit my arm and now I have bad cramps in my stomach,Out of scope,prototype-ours
"Found a tick buried in my 4 year old's scalp, how do I get it out safely?",Out of scope,prototype-ours
"My wife's water broke and I can see the baby's head, we're not going to make it to the hospital",Out of scope,prototype-ours
"Rolled my ankle stepping off the curb, it's swollen and purple and hurts to walk on",Out of scope,prototype-ours
my friend is hyperventilating and her hands are cramping up she gets panic attacks sometimes,Out of scope,prototype-ours
"Slammed my finger in the car door, the nail is turning black and it's throbbing",Out of scope,prototype-ours
My ring is stuck on my swollen finger and the tip is turning purple,Out of scope,prototype-ours
"We're hiking at 12,000 feet and my brother has a pounding headache and keeps throwing up",Out of scope,prototype-ours
stepped on a rusty nail it went thru my shoe into my foot do i need a tetnus shot,Out of scope,prototype-ours
"My 3 year old pushed a bead up his nose and we can't get it out, he's breathing fine",Out of scope,prototype-ours
i got into poison ivy and my arms are covered in itchy blisters,Out of scope,prototype-ours
hi,Out of scope,prototype-ours
what can you do,Out of scope,prototype-ours
What's the weather going to be like tomorrow in Chicago?,Out of scope,prototype-ours
Give me an easy recipe for banana bread,Out of scope,prototype-ours
Who won the Super Bowl last year?,Out of scope,prototype-ours
How do I reset my wifi router?,Out of scope,prototype-ours
Can you help me solve 3x plus 5 equals 20 for my math homework?,Out of scope,prototype-ours
What time do most grocery stores close on Sundays?,Out of scope,prototype-ours
tell me a joke,Out of scope,prototype-ours
How do I turn on dark mode in this app?,Out of scope,prototype-ours
Recommend a good movie to watch tonight,Out of scope,prototype-ours
"thanks, that's all for now",Out of scope,prototype-ours
How many bones does an adult human have?,Out of scope,prototype-ours
When was CPR first invented?,Out of scope,prototype-ours
Is it okay to take ibuprofen with my morning coffee?,Out of scope,prototype-ours
What should I pack in a first aid kit for a family road trip?,Out of scope,prototype-ours
How often do I need to renew my CPR certification?,Out of scope,prototype-ours
What's the difference between a heart attack and cardiac arrest?,Out of scope,prototype-ours
How long do EpiPens last before they expire?,Out of scope,prototype-ours
What's a normal resting heart rate for adults?,Out of scope,prototype-ours
How much water should I drink in a day?,Out of scope,prototype-ours
Where can I sign up for a first aid class near me?,Out of scope,prototype-ours
Does vitamin C actually help you get over a cold faster?,Out of scope,prototype-ours
What does AED stand for?,Out of scope,prototype-ours
Can I donate blood if I just got a tattoo?,Out of scope,prototype-ours
My husband collapsed and isn't breathing.,Cardiac Arrest,prototype-chatgpt
The 52-year-old beside me won't wake up and is only gasping.,Cardiac Arrest,prototype-chatgpt
My coworker fell over. I can't see his chest move.,Cardiac Arrest,prototype-chatgpt
An older woman is unresponsive and has no normal breaths.,Cardiac Arrest,prototype-chatgpt
My dad has no pulse and won't respond.,Cardiac Arrest,prototype-chatgpt
An adult at the bus stop dropped and isn't breathing.,Cardiac Arrest,prototype-chatgpt
My wife went limp and is making an occasional strange gasp.,Cardiac Arrest,prototype-chatgpt
He's having cardiac arrest. He's unconscious and not breathing.,Cardiac Arrest,prototype-chatgpt
The 4-year-old on the playground is still and not breathing.,Cardiac Arrest,prototype-chatgpt
My son is 11. He fell over and now only gasps.,Cardiac Arrest,prototype-chatgpt
My 9-year-old daughter is unconscious and her chest isn't moving.,Cardiac Arrest,prototype-chatgpt
The 3-year-old just went limp and stopped breathing.,Cardiac Arrest,prototype-chatgpt
My child is 7 and is in cardiac arrest. He isn't breathing.,Cardiac Arrest,prototype-chatgpt
kid is five wont wake up no breathing please help,Cardiac Arrest,prototype-chatgpt
"My 3-month-old is silent, limp, and not breathing.",Cardiac Arrest,prototype-chatgpt
The 8-month-old won't wake up and is only gasping.,Cardiac Arrest,prototype-chatgpt
baby is two months old gone limp no breaths what do i do,Cardiac Arrest,prototype-chatgpt
The 10-month-old looks blue and isn't breathing or responding.,Cardiac Arrest,prototype-chatgpt
My infant is in cardiac arrest. He's unresponsive and not breathing.,Cardiac Arrest,prototype-chatgpt
Someone just collapsed and won't respond; they're only making gasping sounds.,Cardiac Arrest,prototype-chatgpt
"They said it was a heart attack, but now the person is unconscious and not breathing.",Cardiac Arrest,prototype-chatgpt
He was pulled from the pool and is unconscious with no breathing.,Cardiac Arrest (Drowning),prototype-chatgpt
"My 7-year-old went under in the lake. We got her out, but she isn't breathing.",Cardiac Arrest (Drowning),prototype-chatgpt
An adult was dragged out of the ocean and is only gasping.,Cardiac Arrest (Drowning),prototype-chatgpt
Someone fell through the ice. They're out of the water now and not breathing.,Cardiac Arrest (Drowning),prototype-chatgpt
"The 4-year-old was submerged in the pond and is unconscious, with occasional gasps.",Cardiac Arrest (Drowning),prototype-chatgpt
My 6-month-old slipped under bathwater. She's out but silent and unresponsive.,Cardiac Arrest (Drowning),prototype-chatgpt
We just pulled a swimmer out. No response and I can't see any breathing.,Cardiac Arrest (Drowning),prototype-chatgpt
An older man was rescued from the river and has no pulse or breathing.,Cardiac Arrest (Drowning),prototype-chatgpt
"Help, drowning victim is out of the water and not breathing.",Cardiac Arrest (Drowning),prototype-chatgpt
My 9-year-old is in cardiac arrest after going under in the pool.,Cardiac Arrest (Drowning),prototype-chatgpt
A baby drowned in the tub; she's unresponsive and not breathing.,Cardiac Arrest (Drowning),prototype-chatgpt
An adult nearly drowned and now has stopped breathing.,Cardiac Arrest (Drowning),prototype-chatgpt
Pulled my toddler from the creek. He's not waking or taking breaths.,Cardiac Arrest (Drowning),prototype-chatgpt
he went under in the pool now hes out and just gaspin help,Cardiac Arrest (Drowning),prototype-chatgpt
my 8 month old was under bath water wont wake up wont breathe,Cardiac Arrest (Drowning),prototype-chatgpt
woman out of the lake no breath no response what now,Cardiac Arrest (Drowning),prototype-chatgpt
"The 5-year-old choked on water in the pool, went under, and is now unresponsive and not breathing.",Cardiac Arrest (Drowning),prototype-chatgpt
"He had chest pain while swimming, disappeared underwater, and is now out but not breathing.",Cardiac Arrest (Drowning),prototype-chatgpt
"My 2-year-old had a seizure in the bath, slipped underwater, and now won't wake or breathe.",Cardiac Arrest (Drowning),prototype-chatgpt
The rescued kayaker is unconscious with only strange gasps after being underwater.,Cardiac Arrest (Drowning),prototype-chatgpt
My infant was submerged in the sink; there's no response and no breathing.,Cardiac Arrest (Drowning),prototype-chatgpt
"Drowning arrest here: my dad is out of the water, unresponsive, and not breathing.",Cardiac Arrest (Drowning),prototype-chatgpt
My chest feels like someone is squeezing it and I'm sweating cold.,Heart Attack,prototype-chatgpt
My husband has heavy chest pressure and pain down his left arm.,Heart Attack,prototype-chatgpt
The 61-year-old next to me has chest tightness and feels faint.,Heart Attack,prototype-chatgpt
My mom is awake but has crushing chest pain and can't catch her breath.,Heart Attack,prototype-chatgpt
An adult coworker says her chest hurts and her jaw aches.,Heart Attack,prototype-chatgpt
My father is pale and nauseated with pain across his chest.,Heart Attack,prototype-chatgpt
He says his chest is being squeezed and he's covered in sweat.,Heart Attack,prototype-chatgpt
My wife has a tight chest and pain into her back and shoulder.,Heart Attack,prototype-chatgpt
"The man is still talking, but chest pain is spreading into both arms.",Heart Attack,prototype-chatgpt
I think I'm having a heart attack; my chest is tight and I'm short of breath.,Heart Attack,prototype-chatgpt
My grandpa says this feels like a heart attack and is clutching his chest.,Heart Attack,prototype-chatgpt
Adult with possible heart attack: chest pressure and cold sweat.,Heart Attack,prototype-chatgpt
My uncle's angina-like pressure isn't easing and he's nauseated.,Heart Attack,prototype-chatgpt
chest is so tight and my arm hurts im sweaty what do i do,Heart Attack,prototype-chatgpt
dad says elephant on chest cant catch breath hes awake,Heart Attack,prototype-chatgpt
uh my wife chest hurts into her neck she looks gray help,Heart Attack,prototype-chatgpt
middle of chest pressure again and again feel sick pls,Heart Attack,prototype-chatgpt
"He says it's indigestion, but the pressure is across his chest and into his arm.",Heart Attack,prototype-chatgpt
My mom thought she was having a panic attack; now she has chest squeezing and a cold sweat.,Heart Attack,prototype-chatgpt
"She feels like she might faint, but she's awake and describes chest pressure going into her jaw.",Heart Attack,prototype-chatgpt
The 70-year-old is conscious and says the pain in his chest is getting heavier.,Heart Attack,prototype-chatgpt
I woke with tightness across my chest and pain between my shoulders.,Heart Attack,prototype-chatgpt
"My partner is awake, breathless, and says her chest feels crushed.",Heart Attack,prototype-chatgpt
"My husband has food stuck and can't talk, cough, or breathe.",Choking,prototype-chatgpt
The 5-year-old grabbed her throat and is silently trying to breathe.,Choking,prototype-chatgpt
"My coworker took a bite, then stopped speaking and can't cough.",Choking,prototype-chatgpt
An 8-year-old is awake but making no sound after swallowing candy.,Choking,prototype-chatgpt
My dad is conscious and turning blue with food stuck in his throat.,Choking,prototype-chatgpt
The 10-year-old is standing but can't speak or breathe after lunch.,Choking,prototype-chatgpt
He was eating steak and is silently struggling for air.,Choking,prototype-chatgpt
The 4-month-old went silent during feeding and can't make a cough.,Choking,prototype-chatgpt
"The 6-month-old is awake, blue around the lips, and cannot cry after a bite of food.",Choking,prototype-chatgpt
My 2-month-old is silently trying to breathe right after feeding.,Choking,prototype-chatgpt
An 11-month-old put a bead in his mouth and can't cough or cry.,Choking,prototype-chatgpt
"Infant choking on food, still awake but unable to cry.",Choking,prototype-chatgpt
Adult choking at dinner. She's conscious but can't speak.,Choking,prototype-chatgpt
My 6-year-old is choking on a piece of fruit and can't cough.,Choking,prototype-chatgpt
baby 9 months choking cant cry cant breathe help now,Choking,prototype-chatgpt
he ate a bite now no talk no cough hes still standing,Choking,prototype-chatgpt
my 4 yr old is chokin on candy silent and scared,Choking,prototype-chatgpt
"He has allergies, but this started the instant food stuck in his throat and he can't cough or speak.",Choking,prototype-chatgpt
"The 9-month-old looked like she might faint, but she's awake and unable to cry after putting a button in her mouth.",Choking,prototype-chatgpt
My lips are swelling and my throat feels tight after a bee sting.,Anaphylaxis,prototype-chatgpt
An adult coworker started wheezing and her tongue swelled after a new medicine.,Anaphylaxis,prototype-chatgpt
My husband was stung and is dizzy with swollen lips and noisy breathing.,Anaphylaxis,prototype-chatgpt
The 8-year-old has a widespread rash and says her throat is closing after lunch.,Anaphylaxis,prototype-chatgpt
My mom's face is swelling and she can't swallow after eating shrimp.,Anaphylaxis,prototype-chatgpt
My 4-year-old has puffy lips and wheezes right after a peanut snack.,Anaphylaxis,prototype-chatgpt
"After the injection, she's itchy everywhere and says her throat is tightening.",Anaphylaxis,prototype-chatgpt
My 10-month-old has swollen lips and trouble breathing after trying egg.,Anaphylaxis,prototype-chatgpt
My brother is having anaphylaxis after a wasp sting.,Anaphylaxis,prototype-chatgpt
"Severe allergic reaction here: hives, face swelling, and wheezing.",Anaphylaxis,prototype-chatgpt
My child is 6 and having anaphylaxis after eating nuts.,Anaphylaxis,prototype-chatgpt
The adult patient has anaphylaxis after a medication dose and is having trouble breathing.,Anaphylaxis,prototype-chatgpt
stung by bee now lips huge cant breathe right help,Anaphylaxis,prototype-chatgpt
my kid ate something and has bumps all over wheezing pls,Anaphylaxis,prototype-chatgpt
uh throat feels tight and face is puffing up after pills,Anaphylaxis,prototype-chatgpt
hes got hives and his tongue swelling after dinner now dizzy,Anaphylaxis,prototype-chatgpt
"She says it's asthma, but hives and lip swelling began right after eating peanuts.",Anaphylaxis,prototype-chatgpt
"My father feels faint, but he also has widespread hives and throat swelling after a new antibiotic.",Anaphylaxis,prototype-chatgpt
The 12-year-old is breathing fast and scratching everywhere after a bee sting.,Anaphylaxis,prototype-chatgpt
My partner's eyelids are swelling and she says swallowing is getting hard after dinner.,Anaphylaxis,prototype-chatgpt
"After tasting the sauce, my tongue swelled and breathing became difficult.",Anaphylaxis,prototype-chatgpt
"My dad has diabetes and is shaky, sweaty, and confused but still awake.",Diabetic Emergency,prototype-chatgpt
My 9-year-old with diabetes is pale and trembling after missing lunch.,Diabetic Emergency,prototype-chatgpt
My wife uses insulin and now she can't think straight and keeps sweating.,Diabetic Emergency,prototype-chatgpt
"The adult with diabetes is conscious but weak, hungry, and shaking.",Diabetic Emergency,prototype-chatgpt
My 11-year-old diabetic son is irritable and shaky after soccer.,Diabetic Emergency,prototype-chatgpt
"I have diabetes, feel suddenly sweaty and dizzy, and can still talk.",Diabetic Emergency,prototype-chatgpt
My mom took insulin and is awake but acting confused and clammy.,Diabetic Emergency,prototype-chatgpt
A coworker with diabetes says he's starving and his hands won't stop shaking.,Diabetic Emergency,prototype-chatgpt
My 7-year-old with diabetes is conscious but pale and unusually confused.,Diabetic Emergency,prototype-chatgpt
"He has diabetes and is awake, sweating, and too shaky to hold his phone.",Diabetic Emergency,prototype-chatgpt
My husband is having low blood sugar and is still able to answer me.,Diabetic Emergency,prototype-chatgpt
My child's glucose is low; she's 8 and shaky but awake.,Diabetic Emergency,prototype-chatgpt
I think this is hypoglycemia. I'm conscious and sweating.,Diabetic Emergency,prototype-chatgpt
Diabetic emergency: my father is awake but confused and trembling.,Diabetic Emergency,prototype-chatgpt
The 13-year-old with diabetes says his sugar dropped and he feels weak.,Diabetic Emergency,prototype-chatgpt
insulin this morning no food now shaking and sweaty im awake,Diabetic Emergency,prototype-chatgpt
my diabetic mom is up but so confused and clammy help,Diabetic Emergency,prototype-chatgpt
kid is ten has diabetes says sugar low and hands shake,Diabetic Emergency,prototype-chatgpt
hes diabetic still talking but pale shaky hungry what now,Diabetic Emergency,prototype-chatgpt
"She sounds drunk, but she has diabetes, skipped dinner after insulin, and is awake and sweating.",Diabetic Emergency,prototype-chatgpt
"My dad looks like he may faint, but he's alert, diabetic, and shaking after taking insulin.",Diabetic Emergency,prototype-chatgpt
"He says his heart is racing, but he's conscious, diabetic, hungry, and clammy after exercise.",Diabetic Emergency,prototype-chatgpt
My diabetic partner can answer questions but suddenly seems dazed and shaky.,Diabetic Emergency,prototype-chatgpt
The 6-year-old with diabetes is awake and crying that she feels weak and hungry.,Diabetic Emergency,prototype-chatgpt
I used my insulin and now I'm sweating and having trouble concentrating.,Diabetic Emergency,prototype-chatgpt
The 72-year-old cannot lift her right arm and this started minutes ago.,Stroke,prototype-chatgpt
"My mom was talking normally, then suddenly couldn't find words.",Stroke,prototype-chatgpt
An adult coworker suddenly lost vision in one eye and is stumbling.,Stroke,prototype-chatgpt
My dad's smile is crooked and one leg has become weak.,Stroke,prototype-chatgpt
I suddenly can't feel my left hand and my speech sounds strange.,Stroke,prototype-chatgpt
My wife abruptly started speaking nonsense and looks confused.,Stroke,prototype-chatgpt
The 10-year-old suddenly has a drooping face and cannot move one arm.,Stroke,prototype-chatgpt
An older man lost his balance all at once and is slurring his speech.,Stroke,prototype-chatgpt
My partner says one side of her face went numb suddenly.,Stroke,prototype-chatgpt
I think my father is having a stroke; his right side is weak.,Stroke,prototype-chatgpt
Possible stroke in an adult: sudden slurred speech and a crooked smile.,Stroke,prototype-chatgpt
My mom says she might be having a stroke because her arm suddenly went numb.,Stroke,prototype-chatgpt
The 65-year-old is showing stroke signs: face droop and trouble speaking.,Stroke,prototype-chatgpt
My husband has sudden one-sided weakness; is this a stroke?,Stroke,prototype-chatgpt
dad cant say words right and one arm wont stay up happened just now,Stroke,prototype-chatgpt
she was fine a minute ago now face droopy and talking funny help,Stroke,prototype-chatgpt
my left leg suddenly wont work and speech all mixed up,Stroke,prototype-chatgpt
uh sudden blurry sight one side and cant walk straight,Stroke,prototype-chatgpt
"She has a headache, but the sudden face droop and slurred speech worry me more.",Stroke,prototype-chatgpt
"My mom seems confused like her sugar is low, but one side of her face suddenly drooped.",Stroke,prototype-chatgpt
The adult next to me suddenly can't understand what I'm saying and one arm is weak.,Stroke,prototype-chatgpt
My grandfather's speech changed without warning and he can't raise his left hand.,Stroke,prototype-chatgpt
"I was walking normally, then suddenly my right leg gave out and my words came out wrong.",Stroke,prototype-chatgpt
"An adult took a pain pill and is barely breathing, with tiny pupils.",Opioid Overdose,prototype-chatgpt
My roommate used fentanyl and now has blue lips and is unresponsive.,Opioid Overdose,prototype-chatgpt
The man has a needle beside him and is making slow gurgling breaths.,Opioid Overdose,prototype-chatgpt
My wife took extra opioid medication and won't respond when I call her.,Opioid Overdose,prototype-chatgpt
Someone who just used heroin is limp and breathing only a few times a minute.,Opioid Overdose,prototype-chatgpt
The adult is unconscious after taking oxycodone; her nails look blue.,Opioid Overdose,prototype-chatgpt
My friend used a street pill and now has pinpoint pupils and barely breathes.,Opioid Overdose,prototype-chatgpt
My dad took his prescribed opioid and is making strange snoring sounds but won't wake.,Opioid Overdose,prototype-chatgpt
"I found an unresponsive person beside fentanyl powder, breathing very slowly.",Opioid Overdose,prototype-chatgpt
Possible opioid overdose: my partner is unresponsive and barely breathing.,Opioid Overdose,prototype-chatgpt
My adult son overdosed on heroin; his lips are blue.,Opioid Overdose,prototype-chatgpt
Fentanyl overdose here. The person won't wake up and has shallow breaths.,Opioid Overdose,prototype-chatgpt
My husband may have an opioid overdose after taking extra pills.,Opioid Overdose,prototype-chatgpt
Someone says the 19-year-old overdosed on oxycodone and is hardly breathing.,Opioid Overdose,prototype-chatgpt
he took fentanyl now blue lips wont wake breathing sooo slow,Opioid Overdose,prototype-chatgpt
room mate used pills tiny pupils and weird snore sounds help,Opioid Overdose,prototype-chatgpt
think heroin over dose he isnt responding barely any breaths,Opioid Overdose,prototype-chatgpt
dad took too many pain meds now out cold and breathing slow,Opioid Overdose,prototype-chatgpt
"It looks like cardiac arrest, but he's taking slow breaths and there's an open fentanyl packet beside him.",Opioid Overdose,prototype-chatgpt
"She had a seizure earlier, but after taking opioids she is now unresponsive with very slow breathing and tiny pupils.",Opioid Overdose,prototype-chatgpt
My coworker took a borrowed pain tablet and now won't wake; his breathing is shallow.,Opioid Overdose,prototype-chatgpt
The 22-year-old used heroin and is limp with purple lips and slow breaths.,Opioid Overdose,prototype-chatgpt
An unresponsive adult has a used syringe nearby and is barely breathing.,Opioid Overdose,prototype-chatgpt
Blood is spurting from my husband's leg and soaking the floor.,Severe Bleeding,prototype-chatgpt
My coworker cut his arm on metal and blood keeps pouring out.,Severe Bleeding,prototype-chatgpt
The 8-year-old's thigh wound is bleeding through every towel we put on it.,Severe Bleeding,prototype-chatgpt
A woman's upper arm is bleeding heavily and she looks pale.,Severe Bleeding,prototype-chatgpt
My leg was cut deeply and the blood won't stop flowing.,Severe Bleeding,prototype-chatgpt
The 12-year-old has a deep cut near the groin and blood is soaking his clothes.,Severe Bleeding,prototype-chatgpt
An adult fell on glass and blood is running steadily from her forearm.,Severe Bleeding,prototype-chatgpt
My partner's leg wound keeps filling towels with blood.,Severe Bleeding,prototype-chatgpt
The person is awake but blood is pooling beneath a deep shoulder wound.,Severe Bleeding,prototype-chatgpt
Severe bleeding from my father's arm after a saw accident.,Severe Bleeding,prototype-chatgpt
Major hemorrhage from an adult's thigh; I need help.,Severe Bleeding,prototype-chatgpt
My husband is bleeding badly from a deep cut and the flow won't slow.,Severe Bleeding,prototype-chatgpt
The 19-year-old has severe bleeding from a wound near his armpit.,Severe Bleeding,prototype-chatgpt
blood squirting from his leg cant make it stop help,Severe Bleeding,prototype-chatgpt
my kid cut arm and towels are soaked so fast,Severe Bleeding,prototype-chatgpt
uh huge amount of blood from her thigh shes getting pale,Severe Bleeding,prototype-chatgpt
wound by shoulder bleeding everywhere what do i do,Severe Bleeding,prototype-chatgpt
"He says he feels faint, but there's a deep leg wound pumping blood onto the ground.",Severe Bleeding,prototype-chatgpt
"She burned her arm, but the broken glass beside it made a deep cut that's pouring blood.",Severe Bleeding,prototype-chatgpt
"The fall may have hurt his neck, but right now blood is gushing from his upper leg.",Severe Bleeding,prototype-chatgpt
"The adult's sleeve is soaked, and blood is still streaming from a deep arm cut.",Severe Bleeding,prototype-chatgpt
My 9-year-old's calf wound is bleeding into a growing puddle.,Severe Bleeding,prototype-chatgpt
A person was stabbed near the shoulder and blood keeps soaking the bandages.,Severe Bleeding,prototype-chatgpt
My 7-year-old got drain cleaner in one eye and can't open it.,Burns (Chemical to Eye),prototype-chatgpt
An adult coworker got a chemical splash in her eyes at work.,Burns (Chemical to Eye),prototype-chatgpt
Battery liquid hit my dad's eye and he's tearing nonstop.,Burns (Chemical to Eye),prototype-chatgpt
My 4-year-old rubbed a household cleaner into his eye and is crying in pain.,Burns (Chemical to Eye),prototype-chatgpt
The 10-year-old sprayed oven cleaner toward her face; her eye is red and burning.,Burns (Chemical to Eye),prototype-chatgpt
A bottle of pool chemical splashed into my partner's eye.,Burns (Chemical to Eye),prototype-chatgpt
My eye stings and waters after a lab solution splashed on it.,Burns (Chemical to Eye),prototype-chatgpt
An infant got cleaning liquid in one eye and keeps it shut.,Burns (Chemical to Eye),prototype-chatgpt
Chemical burn to the eye after a cleaner spilled on me.,Burns (Chemical to Eye),prototype-chatgpt
My husband has an eye burn from drain opener.,Burns (Chemical to Eye),prototype-chatgpt
The 6-year-old has a chemical eye burn from a detergent pod.,Burns (Chemical to Eye),prototype-chatgpt
Acid splash in my eye; I need first aid.,Burns (Chemical to Eye),prototype-chatgpt
My coworker says her eye was chemically burned by a cleaning product.,Burns (Chemical to Eye),prototype-chatgpt
bleech in my eye it burns cant keep it open,Burns (Chemical to Eye),prototype-chatgpt
kid sprayed cleaner in face one eye red and hurting bad,Burns (Chemical to Eye),prototype-chatgpt
uh pool stuff splashed in her eye shes crying help,Burns (Chemical to Eye),prototype-chatgpt
got degreaser in eye blurry now what do i do,Burns (Chemical to Eye),prototype-chatgpt
"I thought it was a scratch, but I watched solvent splash into his eye just before the pain started.",Burns (Chemical to Eye),prototype-chatgpt
"She says she can't see well, and it began immediately when bleach hit her eye.",Burns (Chemical to Eye),prototype-chatgpt
"The cleaner also reddened his cheek, but it went directly into his eye and he can't open it.",Burns (Chemical to Eye),prototype-chatgpt
My 11-year-old's eye is watering after a detergent pod burst toward her face.,Burns (Chemical to Eye),prototype-chatgpt
Paint stripper splashed across an adult's eyelid and into the eye.,Burns (Chemical to Eye),prototype-chatgpt
My roommate's eye became painful and red right after ammonia cleaner sprayed into it.,Burns (Chemical to Eye),prototype-chatgpt
My hand touched a hot pan and the skin is blistering.,Burns (Thermal),prototype-chatgpt
The 5-year-old spilled hot soup on his arm and it's red and painful.,Burns (Thermal),prototype-chatgpt
My husband got steam on his face and the skin is turning red.,Burns (Thermal),prototype-chatgpt
A campfire flame caught my sleeve; my forearm is burned and blistered.,Burns (Thermal),prototype-chatgpt
My 8-year-old touched the stove and has a painful red palm.,Burns (Thermal),prototype-chatgpt
Boiling water splashed my leg and large blisters are forming.,Burns (Thermal),prototype-chatgpt
The adult's skin looks white after touching hot metal.,Burns (Thermal),prototype-chatgpt
My dad's shirt briefly caught fire and his shoulder looks charred.,Burns (Thermal),prototype-chatgpt
The 3-year-old pulled hot coffee onto her chest and is crying.,Burns (Thermal),prototype-chatgpt
I got too close to a heater and my calf is red and stinging.,Burns (Thermal),prototype-chatgpt
Thermal burn from hot oil on my arm.,Burns (Thermal),prototype-chatgpt
My wife has a flame burn on her hand.,Burns (Thermal),prototype-chatgpt
An adult has a severe heat burn where the grill touched his leg.,Burns (Thermal),prototype-chatgpt
The 2-year-old has a burn from spilled hot tea.,Burns (Thermal),prototype-chatgpt
hot oil splashed me skin is blistering help,Burns (Thermal),prototype-chatgpt
my kid touched iron hand red and screaming,Burns (Thermal),prototype-chatgpt
steam got her arm now big blisters what do we do,Burns (Thermal),prototype-chatgpt
fire caught sleeve skin looks white please help,Burns (Thermal),prototype-chatgpt
"He fell by the fireplace, but the clear injury is blistered skin where the hot grate touched him.",Burns (Thermal),prototype-chatgpt
"She has chest pain from the spill, but it's the skin on her chest that blistered under hot soup.",Burns (Thermal),prototype-chatgpt
My father says his hand feels numb after grabbing a hot pan; the skin is white and burned.,Burns (Thermal),prototype-chatgpt
The 12-year-old's leg is red and peeling after boiling water ran down it.,Burns (Thermal),prototype-chatgpt
My coworker brushed against a hot pipe and now has a blistered forearm.,Burns (Thermal),prototype-chatgpt
A baby's foot touched a space heater and the skin is red and blistered.,Burns (Thermal),prototype-chatgpt
My 4-year-old drank from a bottle of household cleaner.,Poisoning / Ingestion,prototype-chatgpt
I swallowed some drain fluid by mistake and my mouth burns.,Poisoning / Ingestion,prototype-chatgpt
My partner took a handful of pills and is getting drowsy.,Poisoning / Ingestion,prototype-chatgpt
The 9-year-old ate berries from an unknown yard plant and feels sick.,Poisoning / Ingestion,prototype-chatgpt
An adult coworker swallowed a chemical from an unmarked bottle.,Poisoning / Ingestion,prototype-chatgpt
My toddler got into detergent pods and may have swallowed the liquid.,Poisoning / Ingestion,prototype-chatgpt
I took more tablets than the label says and now I'm vomiting.,Poisoning / Ingestion,prototype-chatgpt
My dad drank something from the garage and is acting confused.,Poisoning / Ingestion,prototype-chatgpt
The 6-year-old swallowed part of a pesticide packet.,Poisoning / Ingestion,prototype-chatgpt
My roommate accidentally drank a mouthful of cleaning solution.,Poisoning / Ingestion,prototype-chatgpt
Possible poisoning: my son swallowed a household chemical.,Poisoning / Ingestion,prototype-chatgpt
My wife may have overdosed on several non-opioid pills.,Poisoning / Ingestion,prototype-chatgpt
The 7-year-old has an accidental ingestion of medication.,Poisoning / Ingestion,prototype-chatgpt
I think I poisoned myself by drinking from the wrong bottle.,Poisoning / Ingestion,prototype-chatgpt
My adult brother has a possible toxic ingestion and is vomiting.,Poisoning / Ingestion,prototype-chatgpt
kid drank some cleaner now says mouth burns help,Poisoning / Ingestion,prototype-chatgpt
i took way too many tablets feel sick what now,Poisoning / Ingestion,prototype-chatgpt
toddler got into bug spray maybe swallowed it please,Poisoning / Ingestion,prototype-chatgpt
she drank from garage bottle and now vomiting,Poisoning / Ingestion,prototype-chatgpt
"He has a stomachache, but he also admits swallowing an unknown number of pills.",Poisoning / Ingestion,prototype-chatgpt
"She seems sleepy like her blood sugar is low, but we found an empty bottle of non-opioid medication she says she swallowed.",Poisoning / Ingestion,prototype-chatgpt
"My son is coughing, but the concern is that he swallowed liquid laundry detergent.",Poisoning / Ingestion,prototype-chatgpt
The 3-year-old tasted paint remover and now has burns around her mouth.,Poisoning / Ingestion,prototype-chatgpt
I drank liquid from an unmarked cup and now have a strange chemical taste and nausea.,Poisoning / Ingestion,prototype-chatgpt
My mother swallowed too much of her medication and is getting confused.,Poisoning / Ingestion,prototype-chatgpt
The 7-year-old fell over and is shaking uncontrollably.,Seizures,prototype-chatgpt
My coworker's eyes rolled back and her arms and legs are jerking.,Seizures,prototype-chatgpt
An adult is on the floor with repeated whole-body jerks and isn't aware of us.,Seizures,prototype-chatgpt
"My son is 10 and has gone rigid, then started convulsing.",Seizures,prototype-chatgpt
My wife collapsed and her body keeps stiffening and shaking.,Seizures,prototype-chatgpt
The 5-year-old's arms and legs are jerking and she isn't answering.,Seizures,prototype-chatgpt
An older man suddenly started shaking all over and drooling.,Seizures,prototype-chatgpt
I can see his eyes roll back while his whole body jerks.,Seizures,prototype-chatgpt
My adult brother is having a tonic-clonic seizure.,Seizures,prototype-chatgpt
An adult coworker is having a generalized seizure and won't respond.,Seizures,prototype-chatgpt
hes shaking all over eyes rolled back what do i do,Seizures,prototype-chatgpt
my four year old fever now jerking and not answering,Seizures,prototype-chatgpt
wife fell stiff then shaking so much help,Seizures,prototype-chatgpt
uh coworker on floor arms legs jerking cant wake him,Seizures,prototype-chatgpt
"He fell and may have hit his head, but his entire body is still jerking rhythmically.",Seizures,prototype-chatgpt
"She was struggling to breathe, then became rigid and started repeated full-body jerks.",Seizures,prototype-chatgpt
The adult's jaw tightened and both arms and legs began shaking.,Seizures,prototype-chatgpt
My 9-year-old stopped speaking and is now stiff and jerking.,Seizures,prototype-chatgpt
My father is unresponsive during repeated full-body convulsions.,Seizures,prototype-chatgpt
My dad fell down the stairs and now has neck pain and tingling hands.,"Head, Neck, or Spinal Injury",prototype-chatgpt
The 8-year-old hit her head on concrete and is confused.,"Head, Neck, or Spinal Injury",prototype-chatgpt
My coworker fell from a ladder and says his back hurts and legs feel numb.,"Head, Neck, or Spinal Injury",prototype-chatgpt
The adult driver is awake after a crash but can't turn her neck without pain.,"Head, Neck, or Spinal Injury",prototype-chatgpt
My 12-year-old collided with another player and now has a headache and dizziness.,"Head, Neck, or Spinal Injury",prototype-chatgpt
My husband struck his head and keeps asking the same question.,"Head, Neck, or Spinal Injury",prototype-chatgpt
The 5-year-old fell off a swing and says his neck hurts.,"Head, Neck, or Spinal Injury",prototype-chatgpt
"After the bike crash, my arms tingle and my upper back hurts.","Head, Neck, or Spinal Injury",prototype-chatgpt
"An older woman slipped, hit her head, and seems disoriented.","Head, Neck, or Spinal Injury",prototype-chatgpt
The person fell from a roof and says they can't feel their feet.,"Head, Neck, or Spinal Injury",prototype-chatgpt
My son is 9 and may have a concussion after a hard fall.,"Head, Neck, or Spinal Injury",prototype-chatgpt
Possible spinal injury after my husband's car crash; his legs are numb.,"Head, Neck, or Spinal Injury",prototype-chatgpt
My father has a suspected neck injury from falling down steps.,"Head, Neck, or Spinal Injury",prototype-chatgpt
The adult cyclist has a head injury and is confused.,"Head, Neck, or Spinal Injury",prototype-chatgpt
My 7-year-old may have a concussion; she hit her head and is dizzy.,"Head, Neck, or Spinal Injury",prototype-chatgpt
he fell off ladder neck hurts and hands are tingly help,"Head, Neck, or Spinal Injury",prototype-chatgpt
kid hit head now keeps asking same thing over and over,"Head, Neck, or Spinal Injury",prototype-chatgpt
car crash she says cant feel legs what do i do,"Head, Neck, or Spinal Injury",prototype-chatgpt
my dad fell bad and his back hurts he feels weak,"Head, Neck, or Spinal Injury",prototype-chatgpt
"She has a small cut, but after hitting her head she is confused and keeps vomiting.","Head, Neck, or Spinal Injury",prototype-chatgpt
"He feels faint, but the concern started with a fall and severe neck pain plus arm tingling.","Head, Neck, or Spinal Injury",prototype-chatgpt
"My son briefly shook after a collision, but now he's awake, confused, and complaining of neck pain.","Head, Neck, or Spinal Injury",prototype-chatgpt
The 11-year-old struck his head on the floor and now has a worsening headache.,"Head, Neck, or Spinal Injury",prototype-chatgpt
"After the fall, an adult says her spine hurts and she can't move one leg well.","Head, Neck, or Spinal Injury",prototype-chatgpt
My partner was hit by a falling object and is awake but dizzy with neck pain.,"Head, Neck, or Spinal Injury",prototype-chatgpt
My 5-year-old is having an asthma attack and is wheezing.,Out of scope,prototype-chatgpt
An adult coworker is struggling to breathe from an asthma flare.,Out of scope,prototype-chatgpt
My husband was bitten by a dog and the wound is small but painful.,Out of scope,prototype-chatgpt
The 9-year-old twisted her ankle and can't put weight on it.,Out of scope,prototype-chatgpt
My father has a broken-looking wrist after a fall but no head or neck symptoms.,Out of scope,prototype-chatgpt
My wife fainted but is awake and breathing normally now.,Out of scope,prototype-chatgpt
An adult has heat exhaustion after working outdoors.,Out of scope,prototype-chatgpt
My 7-year-old is shivering badly after being outside in freezing weather.,Out of scope,prototype-chatgpt
Someone was struck by lightning and is awake but dazed. What now?,Out of scope,prototype-chatgpt
My friend has a painful snakebite on his lower leg.,Out of scope,prototype-chatgpt
my kid has a bad asthma flare wheezing and talking in short bits,Out of scope,prototype-chatgpt
her ankle rolled and swelled right up help,Out of scope,prototype-chatgpt
he fainted but woke up and is breathing okay now what do i do,Out of scope,prototype-chatgpt
The 4-year-old has a tooth knocked loose and his mouth hurts.,Out of scope,prototype-chatgpt
My husband has a fishhook stuck in his finger.,Out of scope,prototype-chatgpt
There's a splinter deep under my nail and I can't remove it.,Out of scope,prototype-chatgpt
An adult is having a severe panic attack and is breathing fast while talking.,Out of scope,prototype-chatgpt
A person cut a finger; it's a small wound and the bleeding has stopped.,Out of scope,prototype-chatgpt
"My roommate has a migraine and is sensitive to light, with no sudden change.",Out of scope,prototype-chatgpt
My toddler has a mild sunburn and is crying from the soreness.,Out of scope,prototype-chatgpt
An adult has a dislocated shoulder after lifting something heavy.,Out of scope,prototype-chatgpt
What topics does this first-aid app cover?,Out of scope,prototype-chatgpt
I'm studying CPR for a class next month.,Out of scope,prototype-chatgpt
I want to practice recognizing stroke signs for a quiz.,Out of scope,prototype-chatgpt
Do you have a printable first-aid checklist?,Out of scope,prototype-chatgpt
What year were AEDs invented?,Out of scope,prototype-chatgpt
I'm comparing two first-aid training courses.,Out of scope,prototype-chatgpt
Could you summarize the history of emergency medicine?,Out of scope,prototype-chatgpt
Does the app work without internet access?,Out of scope,prototype-chatgpt
I need to update my phone settings.,Out of scope,prototype-chatgpt
What is the weather forecast for tomorrow?,Out of scope,prototype-chatgpt
Please suggest a movie for tonight.,Out of scope,prototype-chatgpt
How do I make lentil soup?,Out of scope,prototype-chatgpt
Is there a glossary of medical terms in the app?,Out of scope,prototype-chatgpt
I'm writing a school report on poisoning prevention.,Out of scope,prototype-chatgpt
where is the menu button in this app,Out of scope,prototype-chatgpt
need directions to the nearest library,Out of scope,prototype-chatgpt
can u explain anatomy for homework,Out of scope,prototype-chatgpt
What's a good way to organize a household emergency kit?,Out of scope,prototype-chatgpt
How long does a standard first-aid course usually take?,Out of scope,prototype-chatgpt
I'd like to learn how oxygen moves through the lungs.,Out of scope,prototype-chatgpt
Tell me a joke about rainy days.,Out of scope,prototype-chatgpt
Can I change the text size in this app?,Out of scope,prototype-chatgpt
Who wrote this training material?,Out of scope,prototype-chatgpt
I was curious whether paramedics carry different equipment than nurses.,Out of scope,prototype-chatgpt
"40 year old male, no pulse, starting CPR",Cardiac Arrest,prototype-gemini
she passed out and her chest isn't moving at all,Cardiac Arrest,prototype-gemini
"older woman dropped to the floor, eyes open but unblinking, silent",Cardiac Arrest,prototype-gemini
he had a heart attack and now his heart stopped completely,Cardiac Arrest,prototype-gemini
"man on the street, no heartbeat, need steps",Cardiac Arrest,prototype-gemini
Help my daughter is 8 and she doesn't have a pulse,Cardiac Arrest,prototype-gemini
"kid collapsed on the playground, totally limp and silent",Cardiac Arrest,prototype-gemini
"boy is blue and not breathing, maybe 10 years old",Cardiac Arrest,prototype-gemini
need cpr instructions for a 4 year old stat,Cardiac Arrest,prototype-gemini
my son had a seizure and now he is completely unresponsive and stopped breathing,Cardiac Arrest,prototype-gemini
"child down, no pulse, send help",Cardiac Arrest,prototype-gemini
baby is turning blue and completely limp,Cardiac Arrest,prototype-gemini
infant cardiac arrest what do I do,Cardiac Arrest,prototype-gemini
my 6 month old is not breathing and pale,Cardiac Arrest,prototype-gemini
"newborn stopped breathing in her crib, no pulse",Cardiac Arrest,prototype-gemini
baby boy choked on milk and now he's unconscious and not breathing,Cardiac Arrest,prototype-gemini
need infant cpr steps now,Cardiac Arrest,prototype-gemini
"someone collapsed, totally unresponsive, zero breathing",Cardiac Arrest,prototype-gemini
person down no pulse,Cardiac Arrest,prototype-gemini
he lp not breathein no pulsse,Cardiac Arrest,prototype-gemini
"they just fell over dead I think, not breathing at all",Cardiac Arrest,prototype-gemini
"pulled a guy from the pool, he is not breathing",Cardiac Arrest (Drowning),prototype-gemini
"my wife drowned in the lake, no pulse",Cardiac Arrest (Drowning),prototype-gemini
"man underwater too long, unresponsive on the deck",Cardiac Arrest (Drowning),prototype-gemini
"drowning victim, adult male, starting compressions",Cardiac Arrest (Drowning),prototype-gemini
"she was submerged for 5 minutes, unconscious and blue",Cardiac Arrest (Drowning),prototype-gemini
adult drowning cardiac arrest,Cardiac Arrest (Drowning),prototype-gemini
"child drowned, need cpr instructions",Cardiac Arrest (Drowning),prototype-gemini
"pulled kid from river, he's totally limp, no pulse",Cardiac Arrest (Drowning),prototype-gemini
little girl unresponsive after being pulled from ocean,Cardiac Arrest (Drowning),prototype-gemini
kid drowning victim no pulse,Cardiac Arrest (Drowning),prototype-gemini
"baby slipped in the tub, unresponsive and blue",Cardiac Arrest (Drowning),prototype-gemini
"infant drowning, not breathing",Cardiac Arrest (Drowning),prototype-gemini
"pulled my 10 month old from the water, no heartbeat",Cardiac Arrest (Drowning),prototype-gemini
"baby found in pond, starting cpr",Cardiac Arrest (Drowning),prototype-gemini
"infant was submerged, completely silent and limp",Cardiac Arrest (Drowning),prototype-gemini
need baby cpr for drowning,Cardiac Arrest (Drowning),prototype-gemini
she swallowed bath water and stopped breathing completely,Cardiac Arrest (Drowning),prototype-gemini
someone drowned and has no pulse,Cardiac Arrest (Drowning),prototype-gemini
"pulled from water, totally unresponsive",Cardiac Arrest (Drowning),prototype-gemini
drowning no breath,Cardiac Arrest (Drowning),prototype-gemini
"they were underwater, not breathing now",Cardiac Arrest (Drowning),prototype-gemini
my dad says his chest is crushing him and his left arm hurts,Heart Attack,prototype-gemini
50 year old male with severe angina and shortness of breath,Heart Attack,prototype-gemini
"my husband feels faint, sweaty, and his jaw is aching",Heart Attack,prototype-gemini
my aunt says it feels like severe heartburn but she's sweating bullets,Heart Attack,prototype-gemini
chest pressure and nausea for the last hour,Heart Attack,prototype-gemini
suspected myocardial infarction,Heart Attack,prototype-gemini
woman with crushing chest pain and dizzy,Heart Attack,prototype-gemini
older man sweating profusely and rubbing his chest,Heart Attack,prototype-gemini
he says his heart is attacking him,Heart Attack,prototype-gemini
lady says her chest feels tight and she can't catch her breath,Heart Attack,prototype-gemini
severe chest squeezing and throwing up,Heart Attack,prototype-gemini
man having chest pain and pale skin,Heart Attack,prototype-gemini
she feels impending doom and her chest hurts,Heart Attack,prototype-gemini
it feels like muscle cramps in my chest but I'm really sweaty and nauseous,Heart Attack,prototype-gemini
heart attack symptoms in adult male,Heart Attack,prototype-gemini
chest hurts so bad like a band is around it,Heart Attack,prototype-gemini
he's awake but having a heart attack,Heart Attack,prototype-gemini
my grandpas chest hurts and he feels dizzy,Heart Attack,prototype-gemini
i have chest pressure and my left arm feels numb,Heart Attack,prototype-gemini
pls help chest hurt very bad sweatting,Heart Attack,prototype-gemini
my husband is choking on a piece of steak,Choking,prototype-gemini
my 5 year old is turning blue and can't cough,Choking,prototype-gemini
child choking on a toy,Choking,prototype-gemini
"she was eating and suddenly went silent and is panicking, grasping her throat",Choking,prototype-gemini
kid swallowed a grape and can't breathe at all,Choking,prototype-gemini
help hes choking,Choking,prototype-gemini
boy having a severe asthma attack wait no he swallowed a coin and can't breathe,Choking,prototype-gemini
my mom is choking on food,Choking,prototype-gemini
guy at the next table is turning purple and pointing to his throat,Choking,prototype-gemini
10 year old is choking on candy,Choking,prototype-gemini
how do i do the heimlich on an adult,Choking,prototype-gemini
"8 month old is silent, face is turning red then blue",Choking,prototype-gemini
"infant swallowed a bead, cannot cry or breathe",Choking,prototype-gemini
need choking first aid for a 6 month old,Choking,prototype-gemini
my newborn is choking on spit up and turning blue,Choking,prototype-gemini
baby gagged on food and now makes no sound at all,Choking,prototype-gemini
how to clear airway for choking infant,Choking,prototype-gemini
he had a seizure while eating and now his airway is completely blocked and he can't breathe,Choking,prototype-gemini
baby is choking help,Choking,prototype-gemini
4 month old isn't breathing and lips are blue after eating,Choking,prototype-gemini
infant airway obstruction,Choking,prototype-gemini
she is choking,Choking,prototype-gemini
cant breath hands on neck,Choking,prototype-gemini
my friend's throat is closing up after eating shrimp,Anaphylaxis,prototype-gemini
"severe allergic reaction to latex, dizzy and wheezing",Anaphylaxis,prototype-gemini
his face is swelling up and he is wheezing terribly,Anaphylaxis,prototype-gemini
kid having anaphylaxis from a wasp sting,Anaphylaxis,prototype-gemini
"throat tightening, hives everywhere, feel faint",Anaphylaxis,prototype-gemini
my daughter ate dairy and her tongue is swollen and she's passing out,Anaphylaxis,prototype-gemini
person having an asthma attack but also covered in giant hives after a meal,Anaphylaxis,prototype-gemini
anaphylactic shock epi pen instructions,Anaphylaxis,prototype-gemini
bee sting allergy face swelling cant breathe,Anaphylaxis,prototype-gemini
she is covered in a rash and her blood pressure dropped suddenly,Anaphylaxis,prototype-gemini
allergic reaction throat closing,Anaphylaxis,prototype-gemini
my baby had peanut butter and now is wheezing and covered in hives,Anaphylaxis,prototype-gemini
infant anaphylaxis,Anaphylaxis,prototype-gemini
i ate a tree nut and my throat is swollen shut,Anaphylaxis,prototype-gemini
"he has an epipen, he's having a severe reaction",Anaphylaxis,prototype-gemini
widespread hives and dizzy after taking penicillin,Anaphylaxis,prototype-gemini
choking on food but it's an allergy her lips are giant,Anaphylaxis,prototype-gemini
help anaphylaxis,Anaphylaxis,prototype-gemini
guy is having a severe allergic reaction to medication,Anaphylaxis,prototype-gemini
"lips are ballooning, breathing sounds like a high pitch squeak",Anaphylaxis,prototype-gemini
i think im going into anaphilaxis,Anaphylaxis,prototype-gemini
woman faint and wheezing after a bug bite,Anaphylaxis,prototype-gemini
severe allergy attack need help,Anaphylaxis,prototype-gemini
"my diabetic mom is super confused, pale and shaking",Diabetic Emergency,prototype-gemini
"friend's blood sugar dropped too low, she is weak and dizzy",Diabetic Emergency,prototype-gemini
type 1 diabetic is sweating profusely and acting drunk,Diabetic Emergency,prototype-gemini
hypoglycemic episode in conscious adult,Diabetic Emergency,prototype-gemini
"my dad took insulin but didn't eat, now he is irritable and shaky",Diabetic Emergency,prototype-gemini
kid with diabetes is trembling and pale,Diabetic Emergency,prototype-gemini
diabetic emergency low sugar,Diabetic Emergency,prototype-gemini
she's a diabetic and just started having a seizure from low sugar,Diabetic Emergency,prototype-gemini
diabetc shock need helkp,Diabetic Emergency,prototype-gemini
"my blood sugar is 40 and dropping, feel confused",Diabetic Emergency,prototype-gemini
"man with diabetes feels weak and hungry, very pale",Diabetic Emergency,prototype-gemini
how to treat hypoglycemia,Diabetic Emergency,prototype-gemini
my grandma has diabetes and is sweating and won't make sense,Diabetic Emergency,prototype-gemini
"husband is diabetic, extremely pale and shaking",Diabetic Emergency,prototype-gemini
conscious diabetic patient dizzy and clammy,Diabetic Emergency,prototype-gemini
boy is a type 1 and he's super lethargic and sweaty,Diabetic Emergency,prototype-gemini
she thinks she's having a stroke but she's diabetic and hasn't eaten all day,Diabetic Emergency,prototype-gemini
low blood glucose emergency,Diabetic Emergency,prototype-gemini
"he is trembling, confused and has a medical bracelet for diabetes",Diabetic Emergency,prototype-gemini
diabetic kid needs help sugar is crashing,Diabetic Emergency,prototype-gemini
he has low sugar and is shaking,Diabetic Emergency,prototype-gemini
my brother has diabetes and is acting crazy and sweating,Diabetic Emergency,prototype-gemini
diabtetes low blood suagr,Diabetic Emergency,prototype-gemini
I think my wife is having a stroke,Stroke,prototype-gemini
sudden weakness in left arm and slurred speech,Stroke,prototype-gemini
older man with sudden confusion and loss of balance,Stroke,prototype-gemini
suspected stroke what do I do,Stroke,prototype-gemini
he was talking fine and now his words are jumbled and his face is lopsided,Stroke,prototype-gemini
it looks like a seizure but only half his face is numb and droopy,Stroke,prototype-gemini
strke face droping halp,Stroke,prototype-gemini
acute cerebrovascular accident symptoms,Stroke,prototype-gemini
my mom suddenly can't move her right leg or arm,Stroke,prototype-gemini
"sudden severe headache and vomiting, can't walk straight",Stroke,prototype-gemini
how to check for a stroke,Stroke,prototype-gemini
"he just lost ability to understand what I'm saying, sudden onset",Stroke,prototype-gemini
lady at the store has facial droop and arm drift,Stroke,prototype-gemini
is it a stroke if her speech is slurred?,Stroke,prototype-gemini
my husband just went numb on his right side,Stroke,prototype-gemini
"she is dizzy, her face is sagging, can't raise her arm",Stroke,prototype-gemini
"looks like he's drunk but it happened instantly, half paralyzed",Stroke,prototype-gemini
stroke protocol,Stroke,prototype-gemini
grandma sudden trouble speaking,Stroke,prototype-gemini
man having a stroke,Stroke,prototype-gemini
sudden numbness in face and confusion,Stroke,prototype-gemini
he is slurring his words terribly and one eye is drooping,Stroke,prototype-gemini
hel p stroke simtoms,Stroke,prototype-gemini
"found my son with a needle, he's barely breathing and lips are blue",Opioid Overdose,prototype-gemini
i think my friend overdosed on fentanyl,Opioid Overdose,prototype-gemini
he took some pills and now he won't wake up and is making a gurgling sound,Opioid Overdose,prototype-gemini
"she's unresponsive, pinpoint pupils, breathing once a minute",Opioid Overdose,prototype-gemini
"guy passed out in bathroom, blue fingernails, snoring loudly but won't wake",Opioid Overdose,prototype-gemini
overdose need narcan instructions,Opioid Overdose,prototype-gemini
fentanyl od hel p,Opioid Overdose,prototype-gemini
they took heroin and are turning purple,Opioid Overdose,prototype-gemini
"unconscious man, extremely slow breathing, track marks on arm",Opioid Overdose,prototype-gemini
she snorted something and now is completely unresponsive with gurgling breaths,Opioid Overdose,prototype-gemini
opiate toxicity protocol,Opioid Overdose,prototype-gemini
"found roommate passed out, lips blue, snoring heavily",Opioid Overdose,prototype-gemini
"suspect painkiller overdose, he is limp and pale",Opioid Overdose,prototype-gemini
"took too many oxys, barely breathing",Opioid Overdose,prototype-gemini
"breathing is super shallow, won't wake up to pain, pupils are dots",Opioid Overdose,prototype-gemini
looks like sleep apnea but he took unknown white powder and won't wake up,Opioid Overdose,prototype-gemini
need help for heroin overdose,Opioid Overdose,prototype-gemini
girl unresponsive after taking percs,Opioid Overdose,prototype-gemini
"overdosed on pills, not breathing well",Opioid Overdose,prototype-gemini
friend turning blue after doing lines,Opioid Overdose,prototype-gemini
how to use naloxone for overdose,Opioid Overdose,prototype-gemini
opiod over dosse not waking up,Opioid Overdose,prototype-gemini
"major arterial bleed on the arm, need tourniquet help",Severe Bleeding,prototype-gemini
"she fell through a window, massive gash, blood is pooling quickly",Severe Bleeding,prototype-gemini
severe hemorrhage from thigh,Severe Bleeding,prototype-gemini
"my friend was stabbed, blood is flowing out super fast",Severe Bleeding,prototype-gemini
his shirt is completely soaked in blood from a deep cut,Severe Bleeding,prototype-gemini
the bone is broken but worse there's a river of dark blood pouring out,Severe Bleeding,prototype-gemini
how to stop severe bleeding,Severe Bleeding,prototype-gemini
blood squirting everywhere cut my hand,Severe Bleeding,prototype-gemini
"deep laceration on leg, steady heavy flow of blood",Severe Bleeding,prototype-gemini
"cut wrist deeply, blood is soaking through all the towels",Severe Bleeding,prototype-gemini
life threatening bleeding protocol,Severe Bleeding,prototype-gemini
"child cut his arm on glass, bright red blood is pumping out",Severe Bleeding,prototype-gemini
huge puddle of blood forming around his leg,Severe Bleeding,prototype-gemini
artery cut bleeding wont stop,Severe Bleeding,prototype-gemini
"amputated finger, blood is rushing out",Severe Bleeding,prototype-gemini
looks like a small puncture but he's going into shock and blood is pooling rapidly,Severe Bleeding,prototype-gemini
help major bleeding from leg,Severe Bleeding,prototype-gemini
"he's very pale and cool, huge bleeding wound on his thigh",Severe Bleeding,prototype-gemini
how to use a tourniquet for massive bleed,Severe Bleeding,prototype-gemini
heavy bleeding from a knife wound,Severe Bleeding,prototype-gemini
blood is literally spraying from the cut,Severe Bleeding,prototype-gemini
sever bleeding helpp,Severe Bleeding,prototype-gemini
my coworker just splashed bleach in his eyes,Burns (Chemical to Eye),prototype-gemini
he got drain cleaner in his eye and is screaming in pain,Burns (Chemical to Eye),prototype-gemini
chemical burn to the eye,Burns (Chemical to Eye),prototype-gemini
battery acid exploded into my face and eyes,Burns (Chemical to Eye),prototype-gemini
she rubbed her eyes after handling hot peppers and they are burning and tearing,Burns (Chemical to Eye),prototype-gemini
"guy splashed lye in his eyes, can't open them",Burns (Chemical to Eye),prototype-gemini
my eye is cut but actually I dropped oven cleaner in it and it's burning,Burns (Chemical to Eye),prototype-gemini
cemical in eye burning red,Burns (Chemical to Eye),prototype-gemini
"got pool chlorine in my eyes, severe pain and redness",Burns (Chemical to Eye),prototype-gemini
acid splash to eyes,Burns (Chemical to Eye),prototype-gemini
kid got laundry detergent pod in his eye,Burns (Chemical to Eye),prototype-gemini
my eye is watering non-stop and burns after working with ammonia,Burns (Chemical to Eye),prototype-gemini
treatment for chemical eye burn,Burns (Chemical to Eye),prototype-gemini
pesticide sprayed directly into eyes,Burns (Chemical to Eye),prototype-gemini
eyes burning terribly after brake fluid splash,Burns (Chemical to Eye),prototype-gemini
got bleach in eyes,Burns (Chemical to Eye),prototype-gemini
it feels like an allergy but I just splashed toilet cleaner in my eye,Burns (Chemical to Eye),prototype-gemini
how long to rinse eye for chemical burn,Burns (Chemical to Eye),prototype-gemini
got rust remover in my left eye,Burns (Chemical to Eye),prototype-gemini
chemical eye splash protocol,Burns (Chemical to Eye),prototype-gemini
bleech in my ey es help,Burns (Chemical to Eye),prototype-gemini
severe thermal burn on arm,Burns (Thermal),prototype-gemini
"my daughter touched the hot stove, her hand is white and charred",Burns (Thermal),prototype-gemini
"caught on fire, skin is completely burnt and peeling",Burns (Thermal),prototype-gemini
how to treat a 2nd degree burn,Burns (Thermal),prototype-gemini
"grabbed a hot iron, extreme pain and big blisters",Burns (Thermal),prototype-gemini
"got splashed with hot oil, skin is bright red and bubbling",Burns (Thermal),prototype-gemini
it looks like a weird rash but I just dumped a pot of boiling soup on my leg,Burns (Thermal),prototype-gemini
thremal burn blistrs,Burns (Thermal),prototype-gemini
"my pants caught fire, severe burns on my legs",Burns (Thermal),prototype-gemini
"spilled hot coffee, my lap is bright red and incredibly painful",Burns (Thermal),prototype-gemini
treatment for third degree thermal burn,Burns (Thermal),prototype-gemini
"child pulled hot tea down, skin is peeling off",Burns (Thermal),prototype-gemini
"hand scorched by campfire, swollen and blistered",Burns (Thermal),prototype-gemini
thermal burn protocol,Burns (Thermal),prototype-gemini
"he stepped on hot coals, bottoms of feet are burnt",Burns (Thermal),prototype-gemini
"burned hand on oven rack, huge blister forming",Burns (Thermal),prototype-gemini
"thought it was a chemical but it was just scalding hot water, severe redness",Burns (Thermal),prototype-gemini
first aid for severe burns,Burns (Thermal),prototype-gemini
"fireworks blew up in hand, skin charred",Burns (Thermal),prototype-gemini
"steam burn on arm, very red and painful",Burns (Thermal),prototype-gemini
how to cool a major burn,Burns (Thermal),prototype-gemini
my shirt caught fire skin is blistered,Burns (Thermal),prototype-gemini
brned my hand on stove really bad,Burns (Thermal),prototype-gemini
"he accidentally ingested antifreeze, has abdominal pain",Poisoning / Ingestion,prototype-gemini
poisoning first aid,Poisoning / Ingestion,prototype-gemini
she ate a bunch of unknown wild mushrooms and is throwing up,Poisoning / Ingestion,prototype-gemini
kid ate my blood pressure medicine,Poisoning / Ingestion,prototype-gemini
it looks like a stomach bug but I found an empty bottle of rat poison,Poisoning / Ingestion,prototype-gemini
swallowed weed killer need help,Poisoning / Ingestion,prototype-gemini
posion drank bleach,Poisoning / Ingestion,prototype-gemini
my grandpa accidentally drank from a bottle of paint thinner,Poisoning / Ingestion,prototype-gemini
"he swallowed a battery, what do I do",Poisoning / Ingestion,prototype-gemini
accidental ingestion of toxic chemical,Poisoning / Ingestion,prototype-gemini
"drank windshield wiper fluid, very drowsy and nauseous",Poisoning / Ingestion,prototype-gemini
she swallowed a whole bottle of tylenol on purpose,Poisoning / Ingestion,prototype-gemini
first aid for poisoning,Poisoning / Ingestion,prototype-gemini
my 2 year old ate dishwasher pods,Poisoning / Ingestion,prototype-gemini
toddler smells like rubbing alcohol and is acting very sleepy,Poisoning / Ingestion,prototype-gemini
is it a stroke? no she drank heavy-duty oven cleaner and has burns on her mouth,Poisoning / Ingestion,prototype-gemini
swallowed toxic substance,Poisoning / Ingestion,prototype-gemini
"friend drank pesticide, complaining of severe stomach pain",Poisoning / Ingestion,prototype-gemini
ate something poisonous out of the garden,Poisoning / Ingestion,prototype-gemini
baby swallowed liquid nicotine,Poisoning / Ingestion,prototype-gemini
drank some kind of household cleaner,Poisoning / Ingestion,prototype-gemini
poson control he drank windex,Poisoning / Ingestion,prototype-gemini
"he collapsed and is shaking uncontrollably, eyes rolled back",Seizures,prototype-gemini
"she is stiff, jerking her arms and legs, and foaming at the mouth",Seizures,prototype-gemini
epileptic seizure first aid,Seizures,prototype-gemini
coworker is having a seizure,Seizures,prototype-gemini
thought he was electrocuted but he's just lying there jerking violently,Seizures,prototype-gemini
seizur jerking on floor help,Seizures,prototype-gemini
woman passed out and her whole body is rigid and shaking,Seizures,prototype-gemini
febrile seizure in a toddler,Seizures,prototype-gemini
he bit his tongue and is convulsing on the ground,Seizures,prototype-gemini
treatment for generalized tonic-clonic seizure,Seizures,prototype-gemini
guy on the bus is shaking violently and wet his pants,Seizures,prototype-gemini
my sister is an epileptic and is having a fit,Seizures,prototype-gemini
she lost consciousness and her muscles are contracting forcefully,Seizures,prototype-gemini
how to help someone having a seizure,Seizures,prototype-gemini
"baby is burning up and twitching all over, won't respond",Seizures,prototype-gemini
looks like a heart attack but he's rigid and shaking repeatedly,Seizures,prototype-gemini
seizure protocol,Seizures,prototype-gemini
my friend is convulsing,Seizures,prototype-gemini
shaking on the ground uncotrollable,Seizures,prototype-gemini
hes having a sizure,Seizures,prototype-gemini
"fell off a roof, cant move his legs","Head, Neck, or Spinal Injury",prototype-gemini
suspected cervical spine injury after car crash,"Head, Neck, or Spinal Injury",prototype-gemini
"she hit her head hard and has blood coming from her ears, confused","Head, Neck, or Spinal Injury",prototype-gemini
spinal cord injury protocol,"Head, Neck, or Spinal Injury",prototype-gemini
"guy tackled in football, neck hurts terribly and hands are tingling","Head, Neck, or Spinal Injury",prototype-gemini
"dived into shallow water, can't feel his arms or legs","Head, Neck, or Spinal Injury",prototype-gemini
"looks like a seizure because he's dazed, but he just fell 20 feet onto his head","Head, Neck, or Spinal Injury",prototype-gemini
head injry hit head bleading,"Head, Neck, or Spinal Injury",prototype-gemini
concussion and suspected neck fracture,"Head, Neck, or Spinal Injury",prototype-gemini
"motorcycle accident, he is awake but says his back is completely numb","Head, Neck, or Spinal Injury",prototype-gemini
"fell down the stairs, severe neck pain","Head, Neck, or Spinal Injury",prototype-gemini
first aid for spinal injury,"Head, Neck, or Spinal Injury",prototype-gemini
"he got hit in the head with a bat, dizzy and throwing up","Head, Neck, or Spinal Injury",prototype-gemini
head trauma protocol,"Head, Neck, or Spinal Injury",prototype-gemini
"she fell off a horse, back hurts and tingling toes","Head, Neck, or Spinal Injury",prototype-gemini
"severe blow to the head, loss of consciousness","Head, Neck, or Spinal Injury",prototype-gemini
spine trauma need help,"Head, Neck, or Spinal Injury",prototype-gemini
hit his head now there is clear fluid leaking from his nose,"Head, Neck, or Spinal Injury",prototype-gemini
maybe he's drunk? no he just crashed his bike and his helmet split open,"Head, Neck, or Spinal Injury",prototype-gemini
how to stabilize head and neck,"Head, Neck, or Spinal Injury",prototype-gemini
neck pain and weakness in arms after crash,"Head, Neck, or Spinal Injury",prototype-gemini
suspected head injury,"Head, Neck, or Spinal Injury",prototype-gemini
brok neck cant feel legs,"Head, Neck, or Spinal Injury",prototype-gemini
my dog is choking on a bone,Out of scope,prototype-gemini
my cat got hit by a car,Out of scope,prototype-gemini
how to treat a panic attack,Out of scope,prototype-gemini
i have a mild fever and a sore throat,Out of scope,prototype-gemini
my tooth is really hurting me,Out of scope,prototype-gemini
i think i sprained my ankle jogging,Out of scope,prototype-gemini
paper cut on my finger,Out of scope,prototype-gemini
what to do for a bloody nose,Out of scope,prototype-gemini
i need a prescription refill for my inhaler,Out of scope,prototype-gemini
my stomach has been upset for three days,Out of scope,prototype-gemini
i sunburned my shoulders at the beach,Out of scope,prototype-gemini
how to remove a splinter,Out of scope,prototype-gemini
sprained wrst need ice,Out of scope,prototype-gemini
got a blister on my heel,Out of scope,prototype-gemini
i have a headache that won't go away,Out of scope,prototype-gemini
treatment for a common cold,Out of scope,prototype-gemini
my kid has the hiccups and they won't stop,Out of scope,prototype-gemini
i have chronic back pain,Out of scope,prototype-gemini
how to treat poison ivy rash,Out of scope,prototype-gemini
pulled a muscle in my back,Out of scope,prototype-gemini
i need birth control advice,Out of scope,prototype-gemini
"dog bit my hand, just a small scratch",Out of scope,prototype-gemini
how to pop a pimple,Out of scope,prototype-gemini
my eyes are dry and itchy from pollen,Out of scope,prototype-gemini
my bird is sick,Out of scope,prototype-gemini
where is the nearest hospital,Out of scope,prototype-gemini
how many calories in an apple,Out of scope,prototype-gemini
can you set a timer for 10 minutes,Out of scope,prototype-gemini
what is the weather like today,Out of scope,prototype-gemini
who won the football game,Out of scope,prototype-gemini
play some relaxing music,Out of scope,prototype-gemini
what is the capital of france,Out of scope,prototype-gemini
turn off the lights,Out of scope,prototype-gemini
call my mom,Out of scope,prototype-gemini
how do i bake a cake,Out of scope,prototype-gemini
translate this to spanish,Out of scope,prototype-gemini
whre is the stoor,Out of scope,prototype-gemini
i want to order a pizza,Out of scope,prototype-gemini
what time is it,Out of scope,prototype-gemini
read my text messages,Out of scope,prototype-gemini
how do i restart my phone,Out of scope,prototype-gemini
what is the stock price of apple,Out of scope,prototype-gemini
find a gas station near me,Out of scope,prototype-gemini
sing me a song,Out of scope,prototype-gemini
how old is the president,Out of scope,prototype-gemini
directions to the library,Out of scope,prototype-gemini
what is my name,Out of scope,prototype-gemini
can you write an email for me,Out of scope,prototype-gemini
open the camera app,Out of scope,prototype-gemini
where do my hands go when doing cpr,Cardiac Arrest,howto
hand position for cpr on a grown up,Cardiac Arrest,howto
how hard and how fast do i push during cpr,Cardiac Arrest,howto
where on the chest do you push when giving cpr,Cardiac Arrest,howto
correct hand placement for giving compressions,Cardiac Arrest,howto
should my elbows be locked when pushing on the chest for cpr,Cardiac Arrest,howto
"heel of the hand on the breastbone for cpr, is that right",Cardiac Arrest,howto
how many pushes per minute when doing cpr on someone who collapsed,Cardiac Arrest,howto
how many back blows before switching to chest thrusts on a baby,Choking,howto
two fingers on the breastbone for chest thrusts when an infant is choking,Choking,howto
"face down on my forearm and slap between the shoulder blades, is that right for a choking baby",Choking,howto
abdominal thrusts or chest thrusts for a choking person,Choking,howto
"my mom suddenly feels wiped out, lightheaded and short of breath, and her jaw aches",Heart Attack,redcross-oct7
he says it feels like something is squeezing his chest and he's sweating buckets,Heart Attack,redcross-oct7
"my wife is nauseous, sweaty and says her arm feels heavy and achy, she looks gray",Heart Attack,redcross-oct7
grandpa has had chest tightness for 20 minutes that won't go away even when he rests,Heart Attack,redcross-oct7
how many baby aspirin do you chew for a heart attack,Heart Attack,redcross-oct7
should he chew or swallow the aspirin if it's his heart,Heart Attack,redcross-oct7
she inhaled a piece of popcorn and is only making squeaky sounds,Choking,redcross-oct7
my son swallowed a magnet and now he can't breathe,Choking,redcross-oct7
a piece of balloon got stuck and my daughter can't get air in,Choking,redcross-oct7
"my little one had a spoon of peanut butter and is gasping, nothing coming out",Choking,redcross-oct7
"teething biscuit stuck in my 9 month old's throat, she's turning blue",Choking,redcross-oct7
he's choking and he's too big for me to get my arms around his belly,Choking,redcross-oct7
"my pregnant sister is choking on a piece of chicken, where do I put my hands",Choking,redcross-oct7
person in a wheelchair is choking and can't talk,Choking,redcross-oct7
where do I put my fist for abdominal thrusts,Choking,redcross-oct7
can I just do compressions without the mouth to mouth,Cardiac Arrest,redcross-oct7
"I don't want to give breaths, can I still do cpr",Cardiac Arrest,redcross-oct7
where do the defibrillator pads go on a kid,Cardiac Arrest,redcross-oct7
aed pads front and back on a baby,Cardiac Arrest,redcross-oct7
is it okay to use the aed if he's lying on a wet floor,Cardiac Arrest,redcross-oct7
how long do I keep doing cpr before I stop,Cardiac Arrest,redcross-oct7
two thumbs or two fingers for cpr on a newborn,Cardiac Arrest,redcross-oct7
how far back do I tilt a baby's head for rescue breaths,Cardiac Arrest,redcross-oct7
he's only taking a breath every few seconds and his skin looks gray after using,Opioid Overdose,redcross-oct7
my friend keeps nodding off after taking percocet and I can barely see him breathing,Opioid Overdose,redcross-oct7
found her slumped over with blue fingertips and a bag of powder next to her,Opioid Overdose,redcross-oct7
do I do cpr first or give the narcan,Opioid Overdose,redcross-oct7
how often can you give another dose of nasal naloxone,Opioid Overdose,redcross-oct7
my diabetic son is breathing fast and deep and seems really out of it,Diabetic Emergency,redcross-oct7
"he's type 1 and he's sweaty, pale and slurring like he's drunk",Diabetic Emergency,redcross-oct7
my grandma took her insulin but skipped lunch and now she's trembling and confused,Diabetic Emergency,redcross-oct7
how many skittles should I give someone whose sugar is low,Diabetic Emergency,redcross-oct7
how much orange juice for a hypo,Diabetic Emergency,redcross-oct7
one side of dad's smile looks crooked and he can't hold his coffee cup,Stroke,redcross-oct7
he's allergic to nuts and now he's throwing up and his lips are puffing up,Anaphylaxis,redcross-oct7
"got stung by a wasp, now she's covered in hives and her voice sounds strange",Anaphylaxis,redcross-oct7
"my kid ate egg by mistake, he has a known allergy and is starting to wheeze",Anaphylaxis,redcross-oct7
which part of the leg do you jab the epipen into,Anaphylaxis,redcross-oct7
when do I give the second epipen,Anaphylaxis,redcross-oct7
after he hit his head he keeps asking the same question over and over,"Head, Neck, or Spinal Injury",redcross-oct7
she bumped her head on the pool edge and has thrown up twice and seems dazed,"Head, Neck, or Spinal Injury",redcross-oct7
"my son got hit in football, now he can't remember the game and has double vision","Head, Neck, or Spinal Injury",redcross-oct7
fell down the stairs and is stumbling and confused,"Head, Neck, or Spinal Injury",redcross-oct7
febrile convulsion in my 2 year old what do I do,Seizures,redcross-oct7
blood is gushing out of his thigh and won't slow down,Severe Bleeding,redcross-oct7
"where do I put the tourniquet, above or below the cut",Severe Bleeding,redcross-oct7
"the bandage is soaked through, do I add another one",Severe Bleeding,redcross-oct7
can you use a tourniquet on a toddler,Severe Bleeding,redcross-oct7
how long should I run cold water over a burn,Burns (Thermal),redcross-oct7
should I put ice on a burn from the oven,Burns (Thermal),redcross-oct7
"kid touched the hot stove, big blister on his palm",Burns (Thermal),redcross-oct7
is it ok to put a bandage on a burn or leave it open,Burns (Thermal),redcross-oct7
my toddler got into the dishwasher pods and bit one,Poisoning / Ingestion,redcross-oct7
he drank some lamp oil by mistake and is coughing,Poisoning / Ingestion,redcross-oct7
she swallowed a bunch of iron pills thinking they were candy,Poisoning / Ingestion,redcross-oct7
